-- phpMyAdmin SQL Dump
-- version 4.2.11
-- http://www.phpmyadmin.net
--
-- Host: 127.0.0.1
-- Generation Time: Feb 11, 2016 at 10:17 AM
-- Server version: 5.6.21
-- PHP Version: 5.6.3

SET SQL_MODE = "NO_AUTO_VALUE_ON_ZERO";
SET time_zone = "+00:00";


/*!40101 SET @OLD_CHARACTER_SET_CLIENT=@@CHARACTER_SET_CLIENT */;
/*!40101 SET @OLD_CHARACTER_SET_RESULTS=@@CHARACTER_SET_RESULTS */;
/*!40101 SET @OLD_COLLATION_CONNECTION=@@COLLATION_CONNECTION */;
/*!40101 SET NAMES utf8 */;

--
-- Database: `aureaconstruct_d11`
--

-- --------------------------------------------------------

--
-- Table structure for table `advance_details`
--

CREATE TABLE IF NOT EXISTS `advance_details` (
`adv_det_id` int(11) NOT NULL,
  `run_id` int(50) NOT NULL,
  `record_id` varchar(50) NOT NULL,
  `adv_type` varchar(50) NOT NULL,
  `adv_no` int(50) NOT NULL,
  `amt_cert_now_adv` bigint(50) NOT NULL,
  `total_incl_this_cert_amt` bigint(50) NOT NULL,
  `amount_adjusted` bigint(50) NOT NULL,
  `pay_now` bigint(50) NOT NULL,
  `advance_outstanding` bigint(50) NOT NULL,
  `payment_mode` varchar(50) NOT NULL,
  `date` varchar(50) NOT NULL,
  `remarks` varchar(255) NOT NULL,
  `retention_id` int(50) NOT NULL,
  `debit` varchar(50) NOT NULL,
  `previous_date` varchar(50) NOT NULL,
  `previous_type` varchar(50) NOT NULL,
  `previous_no` int(50) NOT NULL,
  `previous_amount` bigint(50) NOT NULL,
  `previous_other_agencies` bigint(50) NOT NULL,
  `previous_advance_outstanding` bigint(50) NOT NULL,
  `paying_company` varchar(50) NOT NULL
) ENGINE=InnoDB AUTO_INCREMENT=8 DEFAULT CHARSET=latin1;

--
-- Dumping data for table `advance_details`
--

INSERT INTO `advance_details` (`adv_det_id`, `run_id`, `record_id`, `adv_type`, `adv_no`, `amt_cert_now_adv`, `total_incl_this_cert_amt`, `amount_adjusted`, `pay_now`, `advance_outstanding`, `payment_mode`, `date`, `remarks`, `retention_id`, `debit`, `previous_date`, `previous_type`, `previous_no`, `previous_amount`, `previous_other_agencies`, `previous_advance_outstanding`, `paying_company`) VALUES
(1, 2, 'A0002', 'A', 1, 20000, 20000, 0, 20000, 20000, 'Cash', '24-11-2015', 'Immediate ', 0, '', '', '', 0, 0, 0, 0, 'APACE REALTY'),
(2, 3, 'A0002', 'A', 2, 20000, 40000, 0, 20000, 40000, 'Cash', '24-11-2015', 'Immediate ', 0, '', '24-11-2015', 'A', 1, 20000, 0, 20000, 'APACE REALTY'),
(3, 76, 'A0030', 'A', 1, 100000, 100000, 0, 100000, 100000, 'Cheque', '25-11-2015', 'Already Paid by Shree Tirupati Builders & Developers', 0, '', '', '', 0, 0, 0, 0, 'Shree Tirupati Builders & Developers'),
(4, 77, 'A0030', 'S', 1, 170788, 270788, 0, 170788, 0, 'Cheque', '25-11-2015', 'Immediate ', 9, '', '25-11-2015', 'A', 1, 100000, 0, 100000, 'Shree Tirupati Builders & Developers'),
(5, 79, 'A0031', 'A', 1, 10000, 10000, 0, 10000, 10000, 'Cash', '25-11-2015', 'Immediate ', 0, '', '', '', 0, 0, 0, 0, 'Shree Tirupati Builders & Developers'),
(6, 144, 'A0031', 'A', 2, 15000, 25000, 0, 15000, 25000, 'Cash', '26-11-2015', 'Immediate', 0, '', '25-11-2015', 'A', 1, 10000, 0, 10000, 'Shree Tirupati Builders & Developers'),
(7, 180, 'A0002', 'A', 3, 20000, 60000, 0, 20000, 60000, 'Cash', '02-12-2015', 'Immediate ', 0, '', '24-11-2015', 'A', 2, 20000, 0, 40000, 'APACE REALTY');

-- --------------------------------------------------------

--
-- Table structure for table `bill_details`
--

CREATE TABLE IF NOT EXISTS `bill_details` (
`bill_id` int(11) NOT NULL,
  `bill_no` varchar(20) NOT NULL,
  `bill_date` varchar(50) NOT NULL,
  `bill_amount` bigint(20) NOT NULL,
  `cert_no` int(11) NOT NULL,
  `run_no` int(11) NOT NULL,
  `run_id` int(50) NOT NULL
) ENGINE=InnoDB AUTO_INCREMENT=229 DEFAULT CHARSET=latin1;

--
-- Dumping data for table `bill_details`
--

INSERT INTO `bill_details` (`bill_id`, `bill_no`, `bill_date`, `bill_amount`, `cert_no`, `run_no`, `run_id`) VALUES
(1, '203', '18/12/14', 48600, 1, 1, 1),
(2, '37', '15/01/15', 217457, 4, 1, 4),
(3, '37', '15/01/15', 217457, 4, 2, 5),
(4, '40', '30/01/15', 212915, 5, 1, 6),
(5, '0', '28/02/15', 1250000, 6, 1, 7),
(6, '0', '28/02/15', 1250000, 7, 1, 8),
(7, '1', '14/03/15', 15351, 8, 1, 9),
(8, '0', '31/12/14', 17651, 9, 1, 10),
(9, '0', '31/12/14', 17651, 9, 2, 11),
(10, '303', '31/03/15', 25825, 10, 1, 12),
(11, '0', '31/01/15', 22164, 11, 1, 13),
(12, '0', '31/01/15', 4513, 11, 2, 14),
(13, '1', '14/03/15', 15351, 8, 2, 15),
(14, '0', '28/02/15', 26466, 12, 1, 16),
(15, '165', '04/03/15', 12038, 13, 1, 17),
(16, '181', '31/03/15', 9243, 14, 2, 19),
(17, '300', '25/04/15', 6400, 15, 1, 20),
(18, '12', '01/05/15', 42500, 16, 1, 21),
(19, '0', '31/03/15', 12932, 17, 1, 22),
(20, '0', '30/04/15', 11244, 18, 1, 23),
(21, '0', '02/05/15', 6950, 19, 1, 24),
(22, '0', '31/05/15', 18777, 20, 1, 25),
(23, '39', '31/05/15', 48931, 21, 1, 26),
(24, '0', '03/06/15', 2058699, 22, 1, 27),
(25, '0', '03/06/15', 2554848, 23, 1, 28),
(26, '0', '30/06/15', 27934, 24, 1, 29),
(27, '66', '01/07/15', 55575, 25, 1, 30),
(28, '0', '15/07/15', 17753, 26, 1, 31),
(29, '23', '10/07/15', 176146, 27, 1, 32),
(30, '024/15-16', '10/07/15', 188269, 28, 1, 33),
(31, '01/15', '20/07/15', 25803, 29, 1, 34),
(32, '142', '04/06/15', 5600, 30, 1, 35),
(33, '092/15-16', '21/07/15', 604800, 31, 1, 36),
(34, '20', '11/07/15', 19797, 32, 1, 37),
(35, '14', '23/07/15', 26600, 33, 1, 38),
(36, '', '31/07/15', 17866, 34, 1, 39),
(37, '93', '01/08/15', 65918, 35, 1, 40),
(38, '71417/15-16', '13/07/15', 1050, 36, 2, 42),
(39, '', '06/08/15', 904181, 37, 1, 43),
(40, '8492, 8494', '24/07/15', 306281, 38, 1, 44),
(41, '', '25/08/15', 804160, 39, 1, 45),
(42, '', '25/08/15', 484264, 40, 1, 46),
(43, '150819', '28/08/15', 32302, 41, 1, 47),
(44, '', '31/08/15', 12488, 42, 1, 48),
(45, '', '08/09/15', 454456, 43, 1, 49),
(46, '', '08/09/15', 809556, 44, 1, 50),
(47, '117', '01/09/15', 64815, 45, 1, 51),
(48, '', '22/09/15', 836542, 46, 1, 52),
(49, '', '25/09/15', 454456, 47, 1, 53),
(50, '7', '25/09/15', 3200, 48, 1, 54),
(51, '08', '25/09/15', 1000, 49, 1, 55),
(52, '147', '01/10/15', 64410, 50, 1, 56),
(53, '', '21/09/15', 33992, 51, 1, 57),
(54, '52,53,54,55,75,84', '20/09/15', 70916, 52, 1, 58),
(55, '', '17/10/15', 479704, 53, 1, 59),
(56, '', '17/10/15', 809556, 54, 1, 60),
(57, '4930', '12/09/15', 10260, 55, 1, 61),
(58, '4960', '08/10/15', 6840, 56, 1, 62),
(59, '4989', '05/11/15', 6840, 57, 1, 63),
(60, '170', '31/10/15', 63987, 58, 1, 64),
(61, '', '30/09/15', 31427, 59, 1, 65),
(62, '', '31/10/15', 782674, 60, 1, 66),
(63, '', '31/10/15', 1146872, 61, 1, 67),
(64, '', '28/10/15', 16844, 62, 1, 68),
(65, '', '31/10/15', 35701, 63, 1, 69),
(66, 'SM/172/2014-2015', '01/12/14', 16000, 67, 1, 73),
(67, '1255', '03/12/14', 15000, 68, 1, 74),
(68, 'NC/91224/B', '01/12/14', 8090, 69, 1, 75),
(69, 'NC/91223/B', '01/12/14', 170788, 71, 1, 77),
(70, 'SM/195/2014-15', '01/01/15', 17978, 72, 1, 78),
(71, '336/14-15', '05/03/15', 22472, 74, 1, 80),
(72, '1346', '12/03/15', 20000, 75, 1, 81),
(73, '1', '04/03/15', 561800, 76, 1, 82),
(74, '2', '25/03/15', 416575, 77, 1, 83),
(75, '150211', '02/03/15', 5618, 78, 1, 84),
(76, '', '31/03/15', 3695, 79, 1, 85),
(77, 'SM/218/2014-2015', '01/02/15', 16623, 80, 1, 86),
(78, 'SM/240/2014-2015', '01/03/15', 17120, 81, 1, 87),
(79, 'GIIPL/15-16/ST/006', '06/04/15', 26, 82, 1, 88),
(80, 'GIIPL/15-16/ST/006', '06/04/15', 264860, 82, 2, 89),
(81, '150211', '02/03/15', 5618, 78, 2, 90),
(82, '241', '31/03/15', 20000, 83, 1, 91),
(83, '240', '31/03/15', 216600, 83, 1, 91),
(84, '242', '31/03/15', 42725, 84, 1, 92),
(85, '239', '31/03/15', 15400, 84, 1, 92),
(86, 'SM/262/2014-2015', '31/03/15', 23596, 85, 1, 93),
(87, '', '03/04/15', 59550, 86, 1, 94),
(88, '01', '07/01/14', 114952, 87, 1, 95),
(89, '02', '11/03/15', 689714, 88, 1, 96),
(90, '01', '07/01/14', 328435, 89, 1, 97),
(91, '02', '11/03/15', 656870, 90, 1, 98),
(92, '3', '13/04/15', 771001, 91, 1, 99),
(93, '286/2015-16', '01/04/15', 8090, 92, 1, 100),
(94, '01', '20/04/15', 3937, 93, 1, 101),
(95, '290/2015-16', '17/04/15', 2697, 94, 1, 102),
(96, 'AD-2/2015-16', '11/04/15', 176967, 95, 1, 103),
(97, '15059/14-15', '17/04/15', 147000, 96, 2, 105),
(98, '15051/14-15', '17/04/15', 3360, 96, 2, 105),
(99, '291/2015-16', '20/04/15', 2697, 97, 1, 106),
(100, '4 & Final ', '28/04/15', 2929596, 98, 1, 107),
(101, '', '30/04/15', 5522, 99, 1, 108),
(102, '', '13/12/13', 591818, 100, 1, 109),
(103, '1036', '02/05/15', 16867, 101, 1, 110),
(104, '63', '04/05/15', 93800, 102, 2, 112),
(105, '061', '04/05/15', 129400, 103, 1, 113),
(106, '062', '04/05/15', 156400, 104, 1, 114),
(107, '02/2015-16', '03/04/15', 19932, 105, 1, 115),
(108, '301/2015-16', '11/05/15', 10787, 106, 1, 116),
(109, '041/Apr/2015-2016', '18/04/15', 124740, 107, 1, 117),
(110, 'CA/15-16/APR/31', '21/04/15', 158130, 108, 1, 118),
(111, 'EAPL/15-16/APR/12', '21/04/15', 21152, 109, 1, 119),
(112, '793', '15/05/15', 6000, 110, 1, 120),
(113, 'SM/018/2015-16', '30/04/15', 5600, 111, 1, 121),
(114, '', '31/05/15', 9589, 112, 1, 122),
(115, '', '10/05/15', 550000, 113, 1, 123),
(116, '', '10/05/15', 440000, 114, 1, 124),
(117, '1107', '31/05/15', 42934, 115, 1, 125),
(118, 'NC/91224/B', '01/06/15', 82080, 116, 1, 126),
(119, '70400/15-16', '06/05/15', 4200, 117, 1, 127),
(120, 'MUM_1516_0_0_002359', '04/05/15', 16260, 118, 1, 128),
(121, 'MUM_1516_0_0_002467', '06/05/15', 16260, 119, 1, 129),
(122, '00314', '22/05/15', 17700, 120, 1, 130),
(123, '1146', '30/06/15', 39330, 121, 1, 131),
(124, '', '30/06/15', 4186, 122, 1, 132),
(125, 'SP/020/2015-2016', '08/06/15', 6000, 123, 1, 133),
(126, '00438', '08/06/15', 97650, 123, 1, 133),
(127, 'EAPL/15-16/JUNE/10', '29/06/15', 21461, 124, 1, 134),
(128, 'CA/15-16/JUNE/29', '29/06/15', 171281, 125, 1, 135),
(129, '03', '10/06/15', 233260, 126, 1, 136),
(130, 'RMC/02895', '26/05/15', 154000, 127, 1, 137),
(131, 'RMC/03090', '30/05/15', 99000, 128, 1, 138),
(132, 'RMC/03547', '09/06/15', 247503, 129, 1, 139),
(133, 'MUM_1516_0_0_005875', '25/06/15', 23200, 130, 1, 140),
(134, 'MUM_1516_0_0_005797', '24/06/15', 26100, 130, 1, 140),
(135, '00560', '08/07/15', 89513, 131, 1, 141),
(136, 'SP/025/2015-2016', '15/06/15', 8250, 131, 1, 141),
(137, '00480', '15/06/15', 298375, 131, 1, 141),
(138, '00523', '30/06/15', 39825, 131, 1, 141),
(139, 'Pro-001/15-16', '14/07/15', 2280, 132, 1, 142),
(140, '158/15-16', '21/07/15', 19152, 133, 1, 143),
(141, '1225', '31/07/15', 34770, 135, 1, 145),
(142, '', '31/07/15', 7874, 136, 1, 146),
(143, '00616', '22/07/15', 56963, 137, 2, 148),
(144, '00585', '15/07/15', 51300, 137, 2, 148),
(145, '295', '12/05/15', 6000, 138, 1, 149),
(146, '1', '22/08/15', 2000000, 139, 1, 150),
(147, '00676', '08/08/15', 150463, 140, 1, 151),
(148, '00645', '31/07/15', 311563, 140, 1, 151),
(149, 'SP/039/2015-2016', '31/07/15', 5850, 140, 1, 151),
(150, 'AD-34/2015-16', '01/07/15', 16712, 141, 1, 152),
(151, '1285', '31/08/15', 39330, 142, 1, 153),
(152, '00737', '22/08/15', 245713, 143, 1, 154),
(153, '00702', '14/08/15', 235613, 143, 1, 154),
(154, '25', '15/07/15', 39078, 144, 1, 155),
(155, '31', '15/07/15', 61548, 145, 1, 156),
(156, '', '31/08/15', 16709, 146, 1, 157),
(157, 'RI/IN4341/2015/00189', '31/08/15', 14750, 147, 1, 158),
(158, '022/VPC/15', '07/09/15', 25000, 148, 1, 159),
(159, '04', '10/09/15', 233260, 149, 1, 160),
(160, '1340', '30/09/15', 39330, 150, 1, 161),
(161, '', '30/09/15', 10552, 151, 1, 162),
(162, '00763', '31/08/15', 92225, 152, 1, 163),
(163, 'CI/EXCISE/2015-16/52', '31/08/15', 74800, 153, 1, 164),
(164, '3', '11/10/15', 174945, 154, 1, 165),
(165, '2', '22/08/15', 782290, 156, 1, 167),
(166, '3', '22/08/15', 1300000, 157, 1, 168),
(167, '1401', '31/10/15', 39330, 158, 1, 169),
(168, '00908', '15/10/15', 11700, 159, 1, 170),
(169, '00908', '15/10/15', 11700, 159, 2, 171),
(170, '', '31/10/15', 10874, 160, 1, 172),
(171, '', '06/09/15', 811728, 161, 1, 173),
(172, '919', '19/11/15', 11400, 162, 1, 174),
(173, '', '20/11/15', 23930, 163, 1, 175),
(174, '73216/15-16', '30/10/15', 3544, 164, 1, 176),
(175, '73193/15-16', '29/10/15', 36750, 164, 1, 176),
(176, '336/14-15', '05/03/15', 22472, 74, 2, 177),
(177, '928', '28/11/15', 7600, 165, 1, 178),
(178, '176-15/16', '28/11/15', 45800, 166, 1, 179),
(179, '', '30/11/15', 13908, 168, 1, 181),
(180, '', '30/11/15', 29663, 169, 1, 182),
(181, '1457', '30/11/15', 39502, 170, 1, 183),
(182, '1', '22/08/15', 654432, 171, 1, 184),
(183, '092/15-16', '21/07/15', 604800, 172, 1, 185),
(184, '8492, 8494', '24/07/15', 306281, 173, 1, 186),
(185, '796', '25/12/14', 48600, 174, 1, 187),
(186, '037/14-15, 038/14-15', '15/01/15', 217457, 175, 1, 188),
(187, '40/14-15, 041/14-15', '30/01/15', 212915, 176, 1, 189),
(188, '8', '07/12/15', 1039690, 177, 1, 190),
(189, '9', '04/12/15', 1271278, 178, 1, 191),
(190, 'ELY-1', '10/12/15', 84900, 179, 1, 192),
(191, 'ELY-2', '10/12/15', 108369, 180, 1, 193),
(192, '', '03/11/15', 382973, 181, 1, 194),
(193, '', '03/11/15', 188372, 182, 1, 195),
(194, '', '15/12/15', 975729, 183, 1, 196),
(195, '', '03/11/15', 188372, 184, 1, 197),
(196, '', '14/12/15', 1066911, 185, 1, 198),
(197, '', '17/12/15', 12041, 186, 1, 199),
(198, '05', '07/12/15', 233260, 187, 1, 200),
(199, 'O-779/15-16', '18/11/15', 8820, 188, 1, 201),
(200, '', '16/12/15', 1422722, 189, 1, 202),
(201, '', '17/12/15', 12041, 190, 1, 203),
(202, '', '16/12/15', 63973, 191, 1, 204),
(203, '193', '01/12/15', 68414, 192, 1, 205),
(204, '05', '07/12/15', 234283, 187, 2, 206),
(205, '5030', '05/12/15', 6870, 193, 1, 207),
(206, '', '16/12/15', 1420063, 189, 2, 208),
(207, '', '28/12/15', 1242557, 194, 1, 209),
(208, '', '28/12/15', 1463593, 195, 1, 210),
(209, '5030', '05/12/15', 6870, 193, 2, 211),
(210, 'ELYSIUM 01', '01/01/16', 10046, 196, 1, 212),
(211, '', '31/12/15', 13595, 197, 1, 213),
(212, '1533', '31/12/15', 39502, 198, 1, 214),
(213, 'ELYSIUM 01', '01/01/16', 10282, 199, 1, 215),
(214, '', '14/12/15', 1071718, 185, 2, 216),
(215, '', '06/01/16', 1071718, 185, 3, 217),
(216, '', '15/12/15', 53454, 200, 1, 218),
(217, '', '31/12/15', 39397, 201, 1, 219),
(218, '158', '01/01/16', 3600, 202, 1, 220),
(219, '', '24/12/15', 108745, 203, 1, 221),
(220, '', '24/12/15', 100146, 203, 2, 222),
(221, '06', '12/01/16', 78094, 204, 1, 223),
(222, '', '20/01/16', 1014332, 205, 1, 224),
(223, '', '20/01/16', 1084143, 206, 1, 225),
(224, '359  2015-2016', '01/01/16', 227281, 207, 1, 226),
(225, '359  2015-16', '01/01/16', 227281, 208, 1, 227),
(226, '360  2016-16, 361  2', '01/01/16', 368216, 209, 1, 228),
(227, '360 2015-16 ', '01/01/16', 323887, 209, 2, 229),
(228, '361  2015-16', '01/01/16', 44329, 209, 2, 229);

-- --------------------------------------------------------

--
-- Table structure for table `brand_material`
--

CREATE TABLE IF NOT EXISTS `brand_material` (
`bm_id` int(11) NOT NULL,
  `bm_name` varchar(50) DEFAULT NULL
) ENGINE=InnoDB DEFAULT CHARSET=latin1;

-- --------------------------------------------------------

--
-- Table structure for table `certificate`
--

CREATE TABLE IF NOT EXISTS `certificate` (
  `cert_no` bigint(20) NOT NULL,
  `cert_date` varchar(50) NOT NULL,
  `record_id` varchar(50) NOT NULL
) ENGINE=InnoDB DEFAULT CHARSET=latin1;

--
-- Dumping data for table `certificate`
--

INSERT INTO `certificate` (`cert_no`, `cert_date`, `record_id`) VALUES
(1, '24-11-2015', 'A0001'),
(2, '24-11-2015', 'A0002'),
(3, '24-11-2015', 'A0002'),
(4, '24-11-2015', 'A0003'),
(5, '24-11-2015', 'A0003'),
(6, '24-11-2015', 'A0004'),
(7, '24-11-2015', 'A0005'),
(8, '24-11-2015', 'A0006'),
(9, '24-11-2015', 'A0007'),
(10, '24-11-2015', 'A0008'),
(11, '24-11-2015', 'A0007'),
(12, '24-11-2015', 'A0007'),
(13, '24-11-2015', 'A0009'),
(14, '24-11-2015', 'A0009'),
(15, '24-11-2015', 'A0010'),
(16, '24-11-2015', 'A0008'),
(17, '24-11-2015', 'A0007'),
(18, '24-11-2015', 'A0007'),
(19, '24-11-2015', 'A0011'),
(20, '24-11-2015', 'A0007'),
(21, '24-11-2015', 'A0008'),
(22, '24-11-2015', 'A0004'),
(23, '24-11-2015', 'A0005'),
(24, '24-11-2015', 'A0007'),
(25, '24-11-2015', 'A0008'),
(26, '24-11-2015', 'A0012'),
(27, '24-11-2015', 'A0013'),
(28, '24-11-2015', 'A0014'),
(29, '24-11-2015', 'A0015'),
(30, '24-11-2015', 'A0016'),
(31, '24-11-2015', 'A0017'),
(32, '24-11-2015', 'A0018'),
(33, '24-11-2015', 'A0019'),
(34, '24-11-2015', 'A0012'),
(35, '24-11-2015', 'A0008'),
(36, '24-11-2015', 'A0020'),
(37, '24-11-2015', 'A0005'),
(38, '24-11-2015', 'A0021'),
(39, '24-11-2015', 'A0005'),
(40, '24-11-2015', 'A0004'),
(41, '24-11-2015', 'A0022'),
(42, '24-11-2015', 'A0007'),
(43, '24-11-2015', 'A0004'),
(44, '24-11-2015', 'A0005'),
(45, '24-11-2015', 'A0008'),
(46, '24-11-2015', 'A0005'),
(47, '24-11-2015', 'A0004'),
(48, '24-11-2015', 'A0023'),
(49, '24-11-2015', 'A0024'),
(50, '24-11-2015', 'A0008'),
(51, '24-11-2015', 'A0007'),
(52, '24-11-2015', 'A0025'),
(53, '24-11-2015', 'A0004'),
(54, '24-11-2015', 'A0005'),
(55, '24-11-2015', 'A0026'),
(56, '24-11-2015', 'A0026'),
(57, '24-11-2015', 'A0026'),
(58, '24-11-2015', 'A0008'),
(59, '24-11-2015', 'A0007'),
(60, '24-11-2015', 'A0004'),
(61, '24-11-2015', 'A0005'),
(62, '24-11-2015', 'A0007'),
(63, '24-11-2015', 'A0007'),
(64, '25-11-2015', 'A0005'),
(65, '25-11-2015', 'A0004'),
(66, '25-11-2015', 'A0007'),
(67, '25-11-2015', 'A0027'),
(68, '25-11-2015', 'A0028'),
(69, '25-11-2015', 'A0029'),
(70, '25-11-2015', 'A0030'),
(71, '25-11-2015', 'A0030'),
(72, '25-11-2015', 'A0027'),
(73, '25-11-2015', 'A0031'),
(74, '25-11-2015', 'A0032'),
(75, '25-11-2015', 'A0028'),
(76, '25-11-2015', 'A0033'),
(77, '25-11-2015', 'A0033'),
(78, '25-11-2015', 'A0034'),
(79, '25-11-2015', 'A0035'),
(80, '25-11-2015', 'A0027'),
(81, '25-11-2015', 'A0027'),
(82, '25-11-2015', 'A0036'),
(83, '25-11-2015', 'A0037'),
(84, '25-11-2015', 'A0038'),
(85, '25-11-2015', 'A0027'),
(86, '25-11-2015', 'A0039'),
(87, '25-11-2015', 'A0040'),
(88, '25-11-2015', 'A0040'),
(89, '25-11-2015', 'A0041'),
(90, '25-11-2015', 'A0041'),
(91, '25-11-2015', 'A0033'),
(92, '25-11-2015', 'A0042'),
(93, '25-11-2015', 'A0043'),
(94, '25-11-2015', 'A0042'),
(95, '25-11-2015', 'A0044'),
(96, '25-11-2015', 'A0045'),
(97, '25-11-2015', 'A0042'),
(98, '26-11-2015', 'A0033'),
(99, '26-11-2015', 'A0035'),
(100, '26-11-2015', 'A0047'),
(101, '26-11-2015', 'A0046'),
(102, '26-11-2015', 'A0038'),
(103, '26-11-2015', 'A0037'),
(104, '26-11-2015', 'A0037'),
(105, '26-11-2015', 'A0048'),
(106, '26-11-2015', 'A0042'),
(107, '26-11-2015', 'A0049'),
(108, '26-11-2015', 'A0050'),
(109, '26-11-2015', 'A0051'),
(110, '26-11-2015', 'A0052'),
(111, '26-11-2015', 'A0027'),
(112, '26-11-2015', 'A0035'),
(113, '26-11-2015', 'A0053'),
(114, '26-11-2015', 'A0054'),
(115, '26-11-2015', 'A0046'),
(116, '26-11-2015', 'A0055'),
(117, '26-11-2015', 'A0045'),
(118, '26-11-2015', 'A0056'),
(119, '26-11-2015', 'A0056'),
(120, '26-11-2015', 'A0057'),
(121, '26-11-2015', 'A0046'),
(122, '26-11-2015', 'A0035'),
(123, '26-11-2015', 'A0057'),
(124, '26-11-2015', 'A0051'),
(125, '26-11-2015', 'A0050'),
(126, '26-11-2015', 'A0041'),
(127, '26-11-2015', 'A0058'),
(128, '26-11-2015', 'A0058'),
(129, '26-11-2015', 'A0058'),
(130, '26-11-2015', 'A0056'),
(131, '26-11-2015', 'A0057'),
(132, '26-11-2015', 'A0059'),
(133, '26-11-2015', 'A0060'),
(134, '26-11-2015', 'A0031'),
(135, '26-11-2015', 'A0046'),
(136, '27-11-2015', 'A0035'),
(137, '27-11-2015', 'A0057'),
(138, '27-11-2015', 'A0061'),
(139, '27-11-2015', 'A0062'),
(140, '27-11-2015', 'A0057'),
(141, '27-11-2015', 'A0044'),
(142, '27-11-2015', 'A0046'),
(143, '27-11-2015', 'A0057'),
(144, '27-11-2015', 'A0063'),
(145, '27-11-2015', 'A0064'),
(146, '27-11-2015', 'A0035'),
(147, '27-11-2015', 'A0065'),
(148, '27-11-2015', 'A0066'),
(149, '27-11-2015', 'A0041'),
(150, '27-11-2015', 'A0046'),
(151, '27-11-2015', 'A0035'),
(152, '27-11-2015', 'A0057'),
(153, '27-11-2015', 'A0067'),
(154, '27-11-2015', 'A0040'),
(155, '27-11-2015', 'A0033'),
(156, '27-11-2015', 'A0062'),
(157, '27-11-2015', 'A0062'),
(158, '27-11-2015', 'A0046'),
(159, '27-11-2015', 'A0057'),
(160, '27-11-2015', 'A0068'),
(161, '27-11-2015', 'A0069'),
(162, '27-11-2015', 'A0070'),
(163, '27-11-2015', 'A0068'),
(164, '27-11-2015', 'A0045'),
(165, '01-12-2015', 'A0070'),
(166, '01-12-2015', 'A0071'),
(167, '02-12-2015', 'A0002'),
(168, '04-12-2015', 'A0068'),
(169, '04-12-2015', 'A0007'),
(170, '09-12-2015', 'A0046'),
(171, '09-12-2015', 'A0062'),
(172, '10-12-2015', 'A0072'),
(173, '10-12-2015', 'A0073'),
(174, '10-12-2015', 'A0074'),
(175, '10-12-2015', 'A0075'),
(176, '10-12-2015', 'A0075'),
(177, '11-12-2015', 'A0004'),
(178, '11-12-2015', 'A0005'),
(179, '14-12-2015', 'A0076'),
(180, '14-12-2015', 'A0077'),
(181, '15-12-2015', 'A0078'),
(182, '15-12-2015', 'A0079'),
(183, '16-12-2015', 'A0005'),
(184, '17-12-2015', 'A0079'),
(185, '17-12-2015', 'A0080'),
(186, '21-12-2015', 'A0068'),
(187, '21-12-2015', 'A0041'),
(188, '21-12-2015', 'A0081'),
(189, '21-12-2015', 'A0004'),
(190, '21-12-2015', 'A0068'),
(191, '22-12-2015', 'A0082'),
(192, '24-12-2015', 'A0008'),
(193, '30-12-2015', 'A0026'),
(194, '30-12-2015', 'A0004'),
(195, '30-12-2015', 'A0005'),
(196, '06-01-2016', 'A0083'),
(197, '06-01-2016', 'A0068'),
(198, '06-01-2016', 'A0046'),
(199, '08-01-2016', 'A0084'),
(200, '11-01-2016', 'A0007'),
(201, '11-01-2016', 'A0007'),
(202, '13-01-2016', 'A0025'),
(203, '14-01-2016', 'A0085'),
(204, '19-01-2016', 'A0041'),
(205, '21-01-2016', 'A0004'),
(206, '21-01-2016', 'A0005'),
(207, '28-01-2016', 'A0086'),
(208, '28-01-2016', 'A0086'),
(209, '28-01-2016', 'A0087'),
(210, '04-02-2016', 'A0080'),
(211, '04-02-2016', 'A0015');

-- --------------------------------------------------------

--
-- Table structure for table `certificate_final_run`
--

CREATE TABLE IF NOT EXISTS `certificate_final_run` (
`cert_final_run_id` int(50) NOT NULL,
  `record_id` varchar(50) NOT NULL,
  `cert_no` bigint(50) NOT NULL,
  `run_id` int(50) NOT NULL,
  `status` varchar(50) NOT NULL,
  `stream` varchar(50) NOT NULL,
  `type` varchar(50) NOT NULL,
  `number` int(50) NOT NULL
) ENGINE=InnoDB AUTO_INCREMENT=209 DEFAULT CHARSET=latin1;

--
-- Dumping data for table `certificate_final_run`
--

INSERT INTO `certificate_final_run` (`cert_final_run_id`, `record_id`, `cert_no`, `run_id`, `status`, `stream`, `type`, `number`) VALUES
(1, 'A0001', 1, 1, 'deleted', 'running', 'R', 1),
(2, 'A0002', 2, 2, 'open', 'advanced', 'A', 1),
(3, 'A0002', 3, 3, 'open', 'advanced', 'A', 2),
(4, 'A0003', 4, 5, 'deleted', 'running', 'R', 1),
(5, 'A0003', 5, 6, 'deleted', 'running', 'R', 2),
(6, 'A0004', 6, 7, 'open', 'interim', 'I', 1),
(7, 'A0005', 7, 8, 'open', 'interim', 'I', 1),
(8, 'A0006', 8, 15, 'open', 'running', 'R', 1),
(9, 'A0007', 9, 11, 'open', 'running', 'R', 1),
(10, 'A0008', 10, 12, 'open', 'running', 'R', 1),
(11, 'A0007', 11, 14, 'open', 'running', 'R', 2),
(12, 'A0007', 12, 16, 'open', 'running', 'R', 3),
(13, 'A0009', 13, 17, 'open', 'running', 'R', 1),
(14, 'A0009', 14, 19, 'open', 'running', 'R', 2),
(15, 'A0010', 15, 20, 'open', 'running', 'R', 1),
(16, 'A0008', 16, 21, 'open', 'running', 'R', 2),
(17, 'A0007', 17, 22, 'open', 'running', 'R', 4),
(18, 'A0007', 18, 23, 'open', 'running', 'R', 5),
(19, 'A0011', 19, 24, 'open', 'running', 'R', 1),
(20, 'A0007', 20, 25, 'open', 'running', 'R', 6),
(21, 'A0008', 21, 26, 'open', 'running', 'R', 3),
(22, 'A0004', 22, 27, 'open', 'interim', 'I', 2),
(23, 'A0005', 23, 28, 'open', 'interim', 'I', 2),
(24, 'A0007', 24, 29, 'open', 'running', 'R', 7),
(25, 'A0008', 25, 30, 'open', 'running', 'R', 4),
(26, 'A0012', 26, 31, 'open', 'running', 'R', 1),
(27, 'A0013', 27, 32, 'open', 'interim', 'I', 1),
(28, 'A0014', 28, 33, 'open', 'interim', 'I', 1),
(29, 'A0015', 29, 34, 'open', 'running', 'R', 1),
(30, 'A0016', 30, 35, 'open', 'running', 'R', 1),
(31, 'A0017', 31, 36, 'deleted', 'running', 'R', 1),
(32, 'A0018', 32, 37, 'open', 'running', 'R', 1),
(33, 'A0019', 33, 38, 'open', 'running', 'R', 1),
(34, 'A0012', 34, 39, 'open', 'running', 'R', 2),
(35, 'A0008', 35, 40, 'open', 'running', 'R', 5),
(36, 'A0020', 36, 42, 'open', 'running', 'R', 1),
(37, 'A0005', 37, 43, 'open', 'interim', 'I', 3),
(38, 'A0021', 38, 44, 'deleted', 'running', 'R', 1),
(39, 'A0005', 39, 45, 'open', 'interim', 'I', 4),
(40, 'A0004', 40, 46, 'open', 'interim', 'I', 3),
(41, 'A0022', 41, 47, 'open', 'running', 'R', 1),
(42, 'A0007', 42, 48, 'open', 'running', 'R', 8),
(43, 'A0004', 43, 49, 'open', 'interim', 'I', 4),
(44, 'A0005', 44, 50, 'open', 'interim', 'I', 5),
(45, 'A0008', 45, 51, 'open', 'running', 'R', 6),
(46, 'A0005', 46, 52, 'open', 'interim', 'I', 6),
(47, 'A0004', 47, 53, 'open', 'interim', 'I', 5),
(48, 'A0023', 48, 54, 'open', 'running', 'R', 1),
(49, 'A0024', 49, 55, 'open', 'running', 'R', 1),
(50, 'A0008', 50, 56, 'open', 'running', 'R', 7),
(51, 'A0007', 51, 57, 'open', 'running', 'R', 9),
(52, 'A0025', 52, 58, 'open', 'running', 'R', 1),
(53, 'A0004', 53, 59, 'open', 'interim', 'I', 6),
(54, 'A0005', 54, 60, 'open', 'interim', 'I', 7),
(55, 'A0026', 55, 61, 'open', 'running', 'R', 1),
(56, 'A0026', 56, 62, 'open', 'running', 'R', 2),
(57, 'A0026', 57, 63, 'open', 'running', 'R', 3),
(58, 'A0008', 58, 64, 'open', 'running', 'R', 8),
(59, 'A0007', 59, 65, 'open', 'running', 'R', 10),
(60, 'A0004', 60, 66, 'open', 'interim', 'I', 7),
(61, 'A0005', 61, 67, 'open', 'interim', 'I', 8),
(62, 'A0007', 62, 68, 'open', 'running', 'R', 11),
(63, 'A0007', 63, 69, 'open', 'running', 'R', 12),
(64, 'A0005', 64, 70, 'open', 'interim', 'I', 9),
(65, 'A0004', 65, 71, 'open', 'interim', 'I', 8),
(66, 'A0007', 66, 72, 'open', 'running', 'R', 13),
(67, 'A0027', 67, 73, 'open', 'running', 'R', 1),
(68, 'A0028', 68, 74, 'open', 'running', 'R', 1),
(69, 'A0029', 69, 75, 'open', 'running', 'R', 1),
(70, 'A0030', 70, 76, 'open', 'advanced', 'A', 1),
(71, 'A0030', 71, 77, 'open', 'advanced', 'S', 1),
(72, 'A0027', 72, 78, 'open', 'running', 'R', 2),
(73, 'A0031', 73, 79, 'open', 'advanced', 'A', 1),
(74, 'A0032', 74, 177, 'open', 'running', 'R', 1),
(75, 'A0028', 75, 81, 'open', 'running', 'R', 2),
(76, 'A0033', 76, 82, 'open', 'interim', 'I', 1),
(77, 'A0033', 77, 83, 'open', 'interim', 'I', 2),
(78, 'A0034', 78, 90, 'open', 'running', 'R', 1),
(79, 'A0035', 79, 85, 'open', 'running', 'R', 1),
(80, 'A0027', 80, 86, 'open', 'running', 'R', 3),
(81, 'A0027', 81, 87, 'open', 'running', 'R', 4),
(82, 'A0036', 82, 89, 'open', 'running', 'R', 1),
(83, 'A0037', 83, 91, 'open', 'running', 'R', 1),
(84, 'A0038', 84, 92, 'open', 'running', 'R', 1),
(85, 'A0027', 85, 93, 'open', 'running', 'R', 5),
(86, 'A0039', 86, 94, 'open', 'running', 'R', 1),
(87, 'A0040', 87, 95, 'open', 'interim', 'I', 1),
(88, 'A0040', 88, 96, 'open', 'interim', 'I', 2),
(89, 'A0041', 89, 97, 'open', 'interim', 'I', 1),
(90, 'A0041', 90, 98, 'open', 'interim', 'I', 2),
(91, 'A0033', 91, 99, 'open', 'interim', 'I', 3),
(92, 'A0042', 92, 100, 'open', 'running', 'R', 1),
(93, 'A0043', 93, 101, 'open', 'running', 'R', 1),
(94, 'A0042', 94, 102, 'open', 'running', 'R', 2),
(95, 'A0044', 95, 103, 'open', 'running', 'R', 1),
(96, 'A0045', 96, 105, 'open', 'running', 'R', 1),
(97, 'A0042', 97, 106, 'open', 'running', 'R', 3),
(98, 'A0033', 98, 107, 'open', 'interim', 'F', 1),
(99, 'A0035', 99, 108, 'open', 'running', 'R', 2),
(100, 'A0047', 100, 109, 'open', 'running', 'R', 1),
(101, 'A0046', 101, 110, 'open', 'running', 'R', 1),
(102, 'A0038', 102, 112, 'open', 'running', 'R', 2),
(103, 'A0037', 103, 113, 'open', 'running', 'R', 2),
(104, 'A0037', 104, 114, 'open', 'running', 'R', 3),
(105, 'A0048', 105, 115, 'open', 'running', 'R', 1),
(106, 'A0042', 106, 116, 'open', 'running', 'R', 4),
(107, 'A0049', 107, 117, 'open', 'running', 'R', 1),
(108, 'A0050', 108, 118, 'open', 'running', 'R', 1),
(109, 'A0051', 109, 119, 'open', 'running', 'R', 1),
(110, 'A0052', 110, 120, 'open', 'running', 'R', 1),
(111, 'A0027', 111, 121, 'open', 'running', 'R', 6),
(112, 'A0035', 112, 122, 'open', 'running', 'R', 3),
(113, 'A0053', 113, 123, 'open', 'running', 'R', 1),
(114, 'A0054', 114, 124, 'open', 'running', 'R', 1),
(115, 'A0046', 115, 125, 'open', 'running', 'R', 2),
(116, 'A0055', 116, 126, 'open', 'running', 'R', 1),
(117, 'A0045', 117, 127, 'open', 'running', 'R', 2),
(118, 'A0056', 118, 128, 'open', 'running', 'R', 1),
(119, 'A0056', 119, 129, 'open', 'running', 'R', 2),
(120, 'A0057', 120, 130, 'open', 'running', 'R', 1),
(121, 'A0046', 121, 131, 'open', 'running', 'R', 3),
(122, 'A0035', 122, 132, 'open', 'running', 'R', 4),
(123, 'A0057', 123, 133, 'open', 'running', 'R', 2),
(124, 'A0051', 124, 134, 'open', 'running', 'R', 2),
(125, 'A0050', 125, 135, 'open', 'running', 'R', 2),
(126, 'A0041', 126, 136, 'open', 'interim', 'I', 3),
(127, 'A0058', 127, 137, 'open', 'running', 'R', 1),
(128, 'A0058', 128, 138, 'open', 'running', 'R', 2),
(129, 'A0058', 129, 139, 'open', 'running', 'R', 3),
(130, 'A0056', 130, 140, 'open', 'running', 'R', 3),
(131, 'A0057', 131, 141, 'open', 'running', 'R', 3),
(132, 'A0059', 132, 142, 'open', 'running', 'R', 1),
(133, 'A0060', 133, 143, 'open', 'running', 'R', 1),
(134, 'A0031', 134, 144, 'open', 'advanced', 'A', 2),
(135, 'A0046', 135, 145, 'open', 'running', 'R', 4),
(136, 'A0035', 136, 146, 'open', 'running', 'R', 5),
(137, 'A0057', 137, 148, 'open', 'running', 'R', 4),
(138, 'A0061', 138, 149, 'open', 'running', 'R', 1),
(139, 'A0062', 139, 150, 'open', 'interim', 'I', 1),
(140, 'A0057', 140, 151, 'open', 'running', 'R', 5),
(141, 'A0044', 141, 152, 'open', 'running', 'R', 2),
(142, 'A0046', 142, 153, 'open', 'running', 'R', 5),
(143, 'A0057', 143, 154, 'open', 'running', 'R', 6),
(144, 'A0063', 144, 155, 'open', 'running', 'R', 1),
(145, 'A0064', 145, 156, 'open', 'running', 'R', 1),
(146, 'A0035', 146, 157, 'open', 'running', 'R', 6),
(147, 'A0065', 147, 158, 'open', 'running', 'R', 1),
(148, 'A0066', 148, 159, 'open', 'running', 'R', 1),
(149, 'A0041', 149, 160, 'open', 'interim', 'I', 4),
(150, 'A0046', 150, 161, 'open', 'running', 'R', 6),
(151, 'A0035', 151, 162, 'open', 'running', 'R', 7),
(152, 'A0057', 152, 163, 'open', 'running', 'R', 7),
(153, 'A0067', 153, 164, 'open', 'running', 'R', 1),
(154, 'A0040', 154, 165, 'open', 'interim', 'I', 3),
(155, 'A0062', 156, 167, 'open', 'interim', 'I', 2),
(156, 'A0062', 157, 168, 'open', 'interim', 'I', 3),
(157, 'A0046', 158, 169, 'open', 'running', 'R', 7),
(158, 'A0057', 159, 171, 'open', 'running', 'R', 8),
(159, 'A0068', 160, 172, 'open', 'running', 'R', 1),
(160, 'A0069', 161, 173, 'open', 'running', 'R', 1),
(161, 'A0070', 162, 174, 'open', 'running', 'R', 1),
(162, 'A0068', 163, 175, 'open', 'running', 'R', 2),
(163, 'A0045', 164, 176, 'open', 'running', 'R', 3),
(164, 'A0070', 165, 178, 'open', 'running', 'R', 2),
(165, 'A0071', 166, 179, 'open', 'running', 'R', 1),
(166, 'A0002', 167, 180, 'open', 'advanced', 'A', 3),
(167, 'A0068', 168, 181, 'open', 'running', 'R', 3),
(168, 'A0007', 169, 182, 'open', 'running', 'R', 14),
(169, 'A0046', 170, 183, 'open', 'running', 'R', 8),
(170, 'A0062', 171, 184, 'open', 'interim', 'I', 4),
(171, 'A0072', 172, 185, 'open', 'running', 'R', 1),
(172, 'A0073', 173, 186, 'open', 'running', 'R', 1),
(173, 'A0074', 174, 187, 'open', 'running', 'R', 1),
(174, 'A0075', 175, 188, 'open', 'running', 'R', 1),
(175, 'A0075', 176, 189, 'open', 'running', 'R', 2),
(176, 'A0004', 177, 190, 'open', 'interim', 'I', 9),
(177, 'A0005', 178, 191, 'open', 'interim', 'I', 10),
(178, 'A0076', 179, 192, 'open', 'interim', 'I', 1),
(179, 'A0077', 180, 193, 'open', 'interim', 'I', 1),
(180, 'A0078', 181, 194, 'open', 'running', 'R', 1),
(181, 'A0079', 182, 195, 'deleted', 'running', 'R', 1),
(182, 'A0005', 183, 196, 'open', 'interim', 'I', 11),
(183, 'A0079', 184, 197, 'open', 'interim', 'I', 1),
(184, 'A0080', 185, 217, 'open', 'running', 'R', 1),
(185, 'A0068', 186, 199, 'deleted', 'running', 'R', 4),
(186, 'A0041', 187, 206, 'open', 'interim', 'I', 5),
(187, 'A0081', 188, 201, 'open', 'running', 'R', 1),
(188, 'A0004', 189, 208, 'open', 'interim', 'I', 10),
(189, 'A0068', 190, 203, 'open', 'running', 'R', 4),
(190, 'A0082', 191, 204, 'open', 'running', 'R', 1),
(191, 'A0008', 192, 205, 'open', 'running', 'R', 9),
(192, 'A0026', 193, 211, 'open', 'running', 'R', 4),
(193, 'A0004', 194, 209, 'open', 'interim', 'I', 11),
(194, 'A0005', 195, 210, 'open', 'interim', 'I', 12),
(195, 'A0083', 196, 212, 'open', 'running', 'R', 1),
(196, 'A0068', 197, 213, 'open', 'running', 'R', 5),
(197, 'A0046', 198, 214, 'open', 'running', 'R', 9),
(198, 'A0084', 199, 215, 'open', 'running', 'R', 1),
(199, 'A0007', 200, 218, 'open', 'running', 'R', 15),
(200, 'A0007', 201, 219, 'open', 'running', 'R', 16),
(201, 'A0025', 202, 220, 'open', 'running', 'R', 2),
(202, 'A0085', 203, 222, 'open', 'running', 'R', 1),
(203, 'A0041', 204, 223, 'open', 'interim', 'I', 6),
(204, 'A0004', 205, 224, 'open', 'interim', 'I', 12),
(205, 'A0005', 206, 225, 'open', 'interim', 'I', 13),
(206, 'A0086', 207, 226, 'deleted', 'running', 'R', 1),
(207, 'A0086', 208, 227, 'open', 'running', 'R', 1),
(208, 'A0087', 209, 229, 'open', 'running', 'R', 1);

-- --------------------------------------------------------

--
-- Table structure for table `contractor`
--

CREATE TABLE IF NOT EXISTS `contractor` (
`con_id` int(11) NOT NULL,
  `con_name` varchar(50) NOT NULL,
  `con_add` varchar(250) DEFAULT NULL,
  `con_off_id` varchar(50) DEFAULT NULL,
  `con_off1` varchar(50) DEFAULT NULL,
  `con_off2` varchar(50) DEFAULT NULL,
  `con_off3` varchar(50) DEFAULT NULL,
  `con_fax1` varchar(50) DEFAULT NULL,
  `con_fax2` varchar(50) DEFAULT NULL,
  `con_mobileno` varchar(50) DEFAULT NULL,
  `con_contact` varchar(50) DEFAULT NULL,
  `con_email` varchar(50) DEFAULT NULL,
  `con_tinvat` varchar(50) DEFAULT NULL,
  `con_pan` varchar(50) DEFAULT NULL,
  `con_servicetin` varchar(50) DEFAULT NULL,
  `con_bst` varchar(50) DEFAULT NULL
) ENGINE=InnoDB AUTO_INCREMENT=180 DEFAULT CHARSET=latin1;

--
-- Dumping data for table `contractor`
--

INSERT INTO `contractor` (`con_id`, `con_name`, `con_add`, `con_off_id`, `con_off1`, `con_off2`, `con_off3`, `con_fax1`, `con_fax2`, `con_mobileno`, `con_contact`, `con_email`, `con_tinvat`, `con_pan`, `con_servicetin`, `con_bst`) VALUES
(1, 'PRECISION AUTOMATION & ROBOTICS INDIA LTD.', 'Gate no 463-A, 463-B and 464, Mauje- Dhangarwadi, Tal, Khandala, Dist Satara, Maharashtra 412801', NULL, '9102066462013', '66462121', '24392843', '', '', '9822658951', '', '', '', '', '', ''),
(2, 'CREATIVE ENTERPRISES', 'D-502, Kokil Kunj, M.G. Cross Behind Patel Nagar, Kandivali (West) Mumbai-400067', NULL, '28629775', '', '', '', '', '', '', '', '', '', '', ''),
(3, 'Marvel R.M.C.', '5, Shah Rani Sati Marg, Malad (E), Mumbai-97', NULL, '28446999', '', '', '', '', '', '', '', '', '', '', ''),
(4, 'Expert Construction', '1, Meher Homes, Gandhinagar, Station Road, Jogeshwari (W), Mumbai - 400102', NULL, '', '', '', '', '', '9820299003', '', '', '', '', '', ''),
(6, 'Jay Bharat Electric Works', 'Sayani Road, Opp. Zandu Company, Mumbai-400025.', NULL, '8080506262', '9869235440', '', '', '', '8080506262', '', '', '', '', '', ''),
(7, 'W.R. TALAWALKER BROTHERS PVT. LTD', 'Gate no 463-A, 463-B and 464, Mauje- Dhangarwadi, Tal, Khandala, Dist Satara, Maharashtra 412801', NULL, '', '', '', '', '', '', '', '', '', '', '', ''),
(8, 'R.D. Vishwakarma Fabrication work', 'Gate no 463-A, 463-B and 464, Mauje- Dhangarwadi, Tal, Khandala, Dist Satara, Maharashtra 412801', NULL, '', '', '', '', '', '', '', '', '', '', '', ''),
(9, 'K.K. SHAH ', 'Gate no 463-A, 463-B and 464, Mauje- Dhangarwadi, Tal, Khandala, Dist Satara, Maharashtra 412801', NULL, '', '', '', '', '', '', '', '', '', '', '', ''),
(10, 'Neev Infrastructure Pvt Ltd', 'Neev Vittoria, Nesbit Road, Next to Mazgaon Sales Tax Office Mumbai - 400010', NULL, '0226145555', '', '', '', '', '8652747228', '', 'rmc@neev.co.in', '', '', '', ''),
(11, 'Hemant Godse', '10, Mithila shopping Center,Juhu, vile parle(w)', NULL, '613333', '', '', '', '', '', '', '', '', '', '', ''),
(12, 'V.K. Sanitation', 'Gate no 463-A, 463-B and 464, Mauje- Dhangarwadi, Tal, Khandala, Dist Satara, Maharashtra 412801', NULL, '', '', '', '', '', '', '', '', '', '', '', ''),
(13, 'Santosh Nivalakar', 'Gate no 463-A, 463-B and 464, Mauje- Dhangarwadi, Tal, Khandala, Dist Satara, Maharashtra 412801', NULL, '', '', '', '', '', '', '', '', '', '', '', ''),
(14, 'Protech Solutions', 'A/201, besides Kapadia Hospital, M.G. Road Goregaon (West), 400104', NULL, '', '', '', '', '', '9004990049', '', '', '', '', '', ''),
(15, 'Rachna Iron & Steel Pvt. Ltd.', 'Gate no 463-A, 463-B and 464, Mauje- Dhangarwadi, Tal, Khandala, Dist Satara, Maharashtra 412801', NULL, '', '', '', '', '', '', '', '', '', '', '', ''),
(16, 'Fine Rewinding Corporation', 'Gate no 463-A, 463-B and 464, Mauje- Dhangarwadi, Tal, Khandala, Dist Satara, Maharashtra 412801', NULL, '', '', '', '', '', '', '', '', '', '', '', ''),
(17, 'ZAM ZAM TRADERS', 'Gate no 463-A, 463-B and 464, Mauje- Dhangarwadi, Tal, Khandala, Dist Satara, Maharashtra 412801', NULL, '', '', '', '', '', '', '', '', '', '', '', ''),
(18, 'PENTASPACE Consultants Pvt. Ltd.', 'Gate no 463-A, 463-B and 464, Mauje- Dhangarwadi, Tal, Khandala, Dist Satara, Maharashtra 412801', NULL, '', '', '', '', '', '', '', '', '', '', '', ''),
(19, 'Prachiti Trading Pvt. Ltd', 'Gate no 463-A, 463-B and 464, Mauje- Dhangarwadi, Tal, Khandala, Dist Satara, Maharashtra 412801', NULL, '', '', '', '', '', '', '', '', '', '', '', ''),
(20, 'Saheblal Vishwakarma', 'Gate no 463-A, 463-B and 464, Mauje- Dhangarwadi, Tal, Khandala, Dist Satara, Maharashtra 412801', NULL, '', '', '', '', '', '', '', '', '', '', '', ''),
(21, 'AlluGlaze', 'Gate no 463-A, 463-B and 464, Mauje- Dhangarwadi, Tal, Khandala, Dist Satara, Maharashtra 412801', NULL, '', '', '', '', '', '', '', '', '', '', '', ''),
(22, 'HPS Enterprises', 'Gate no 463-A, 463-B and 464, Mauje- Dhangarwadi, Tal, Khandala, Dist Satara, Maharashtra 412801', NULL, '', '', '', '', '', '', '', '', '', '', '', ''),
(23, 'P. Vas & Co.', 'Gate no 463-A, 463-B and 464, Mauje- Dhangarwadi, Tal, Khandala, Dist Satara, Maharashtra 412801', NULL, '', '', '', '', '', '', '', '', '', '', '', ''),
(24, 'Poonam Traders', 'Gate no 463-A, 463-B and 464, Mauje- Dhangarwadi, Tal, Khandala, Dist Satara, Maharashtra 412801', NULL, '', '', '', '', '', '', '', '', '', '', '', ''),
(25, 'Aesthetic Landscaping', 'Gate no 463-A, 463-B and 464, Mauje- Dhangarwadi, Tal, Khandala, Dist Satara, Maharashtra 412801', NULL, '', '', '', '', '', '', '', '', '', '', '', ''),
(26, 'SAFE ENTERPRISES', 'Gate no 463-A, 463-B and 464, Mauje- Dhangarwadi, Tal, Khandala, Dist Satara, Maharashtra 412801', NULL, '', '', '', '', '', '', '', '', '', '', '', ''),
(28, 'RMC Ready Mix India(A Division of Prism Cement Lim', 'Windsor 7th floor, CST Road, Near Vidyanagari, Kalina , Santacruz (East), Mumbai 400098', NULL, '02226547000', '', '', '', '', '', '', '', '', '', '', ''),
(29, 'Relcon Infraprojects Ltd.', 'Gate no 463-A, 463-B and 464, Mauje- Dhangarwadi, Tal, Khandala, Dist Satara, Maharashtra 412801', NULL, '', '', '', '', '', '', '', '', '', '', '', ''),
(30, 'We Are One Enterprises Pvt Ltd.', 'Gate no 463-A, 463-B and 464, Mauje- Dhangarwadi, Tal, Khandala, Dist Satara, Maharashtra 412801', NULL, '', '', '', '', '', '', '', '', '', '', '', ''),
(31, 'P.M. SHAH', 'Gate no 463-A, 463-B and 464, Mauje- Dhangarwadi, Tal, Khandala, Dist Satara, Maharashtra 412801', NULL, '', '', '', '', '', '', '', '', '', '', '', ''),
(32, 'Online Prints', 'Gate no 463-A, 463-B and 464, Mauje- Dhangarwadi, Tal, Khandala, Dist Satara, Maharashtra 412801', NULL, '', '', '', '', '', '', '', '', '', '', '', ''),
(33, 'Samir Sanghavi & Co.', 'Gate no 463-A, 463-B and 464, Mauje- Dhangarwadi, Tal, Khandala, Dist Satara, Maharashtra 412801', NULL, '', '', '', '', '', '', '', '', '', '', '', ''),
(34, 'S.J. Associates', 'Gate no 463-A, 463-B and 464, Mauje- Dhangarwadi, Tal, Khandala, Dist Satara, Maharashtra 412801', NULL, '', '', '', '', '', '', '', '', '', '', '', ''),
(35, 'Kohinoor Enterprises ', 'Gate no 463-A, 463-B and 464, Mauje- Dhangarwadi, Tal, Khandala, Dist Satara, Maharashtra 412801', NULL, '', '', '', '', '', '', '', '', '', '', '', ''),
(36, 'TRACER Security Systems', 'B/605, Snehal Tower, Savarpada, Borivali (E), Mumbai - 400066', NULL, '9833785588', '9664619393', '', '', '', '', '', '', '', '', '', ''),
(37, 'Thakkar Popatlal Velji Sales Ltd.', 'Gate no 463-A, 463-B and 464, Mauje- Dhangarwadi, Tal, Khandala, Dist Satara, Maharashtra 412801', NULL, '', '', '', '', '', '', '', '', '', '', '', ''),
(38, 'Neeraj Steel Sales', 'Gate no 463-A, 463-B and 464, Mauje- Dhangarwadi, Tal, Khandala, Dist Satara, Maharashtra 412801', NULL, '', '', '', '', '', '', '', '', '', '', '', ''),
(39, 'Rajesh R. Bauskar', 'Gate no 463-A, 463-B and 464, Mauje- Dhangarwadi, Tal, Khandala, Dist Satara, Maharashtra 412801', NULL, '', '', '', '', '', '', '', '', '', '', '', ''),
(40, 'Azad Electric & Hardware Stores', 'Gate no 463-A, 463-B and 464, Mauje- Dhangarwadi, Tal, Khandala, Dist Satara, Maharashtra 412801', NULL, '', '', '', '', '', '', '', '', '', '', '', ''),
(41, 'Bajrang Manpower Service', 'Gate no 463-A, 463-B and 464, Mauje- Dhangarwadi, Tal, Khandala, Dist Satara, Maharashtra 412801', NULL, '', '', '', '', '', '', '', '', '', '', '', ''),
(42, 'S.M. Engineers', '401/B Hrishikesh, Jaywant Sawant Rd, Near Rustomjee Int. School Dashisar (W).', NULL, '9892233218', '', '', '', '', '9892233218', '', '', '', '', '', ''),
(43, 'Bharat Pest Treatments', '5 B Vishwageet Apartments, Four Bunblows, Andheri (W), Mumbai - 400053', NULL, '26354293', '2635493', '', '', '', '', '', '', '', '', '', ''),
(44, 'Shreeji Hardware & Electricals', 'Gate no 463-A, 463-B and 464, Mauje- Dhangarwadi, Tal, Khandala, Dist Satara, Maharashtra 412801', NULL, '25806643', '', '', '', '', '', '', '', '', '', '', ''),
(45, 'Parikh & Kulkarni', 'Gate no 463-A, 463-B and 464, Mauje- Dhangarwadi, Tal, Khandala, Dist Satara, Maharashtra 412801', NULL, '', '', '', '', '', '', '', '', '', '', '', ''),
(46, 'SONANI INDUSTRIES', 'Shreyas Industrial Estate, Unit N. 17 c, Ground Floor, Off Western Express Highway , Goregaon (East), Mumbai - 400063', NULL, '26864300', '', '', '', '', '', '', '', '', '', '', ''),
(47, 'Vijay Graphics Pvt. Ltd', 'Gate no 463-A, 463-B and 464, Mauje- Dhangarwadi, Tal, Khandala, Dist Satara, Maharashtra 412801', NULL, '', '', '', '', '', '', '', '', '', '', '', ''),
(48, 'Waterwise Systems ', 'Gate no 463-A, 463-B and 464, Mauje- Dhangarwadi, Tal, Khandala, Dist Satara, Maharashtra 412801', NULL, '', '', '', '', '', '', '', '', '', '', '', ''),
(49, 'Xpressions Pixel Works Pvt. Ltd', 'Gate no 463-A, 463-B and 464, Mauje- Dhangarwadi, Tal, Khandala, Dist Satara, Maharashtra 412801', NULL, '', '', '', '', '', '', '', '', '', '', '', ''),
(50, 'Mobera Enterprises', 'Gate no 463-A, 463-B and 464, Mauje- Dhangarwadi, Tal, Khandala, Dist Satara, Maharashtra 412801', NULL, '', '', '', '', '', '', '', '', '', '', '', ''),
(51, 'Siskom Infotech Pvt. Ltd', '10, Vasant Bhavan, 3rd Floor, Opp. Moksh Plaza, S.V. Road, Borivali (W). Mumbai - 400092', NULL, '65514444', '', '', '', '', '', '', '', '', '', '', ''),
(52, 'APJ Engineers Pvt Ltd.', 'Gate no 463-A, 463-B and 464, Mauje- Dhangarwadi, Tal, Khandala, Dist Satara, Maharashtra 412801', NULL, '', '', '', '', '', '', '', '', '', '', '', ''),
(53, 'Geocon International Pvt. Ltd.', '45 Casa Luna Bldg, 1st Floor L.J. Road No.1, Mahim (W) Mumbai 400016', NULL, '912224448985', '912224445370', '', '', '', '', '', '', '', '', '', ''),
(54, 'MATESHWARY SANITARY AND PIPE CENTRE', 'Gate no 463-A, 463-B and 464, Mauje- Dhangarwadi, Tal, Khandala, Dist Satara, Maharashtra 412801', NULL, '', '', '', '', '', '', '', '', '', '', '', ''),
(55, 'Electrical Inspector lift, Mumbai', 'Gate no 463-A, 463-B and 464, Mauje- Dhangarwadi, Tal, Khandala, Dist Satara, Maharashtra 412801', NULL, '', '', '', '', '', '', '', '', '', '', '', ''),
(56, 'AIC Lab Equipments Pvt Ltd.', 'Gate no 463-A, 463-B and 464, Mauje- Dhangarwadi, Tal, Khandala, Dist Satara, Maharashtra 412801', NULL, '', '', '', '', '', '9821153332', '', '', '', '', '', ''),
(57, 'Nirmitee Construction Co.', 'Gate no 463-A, 463-B and 464, Mauje- Dhangarwadi, Tal, Khandala, Dist Satara, Maharashtra 412801', NULL, '', '', '', '', '', '', '', '', '', '', '', ''),
(58, 'Khodiyar Enterprises', 'Gate no 463-A, 463-B and 464, Mauje- Dhangarwadi, Tal, Khandala, Dist Satara, Maharashtra 412801', NULL, '', '', '', '', '', '', '', '', '', '', '', ''),
(59, 'ThyseenKrupp Elevator Pvt. Ltd.', 'Gate no 463-A, 463-B and 464, Mauje- Dhangarwadi, Tal, Khandala, Dist Satara, Maharashtra 412801', NULL, '', '', '', '', '', '', '', '', '', '', '', ''),
(60, 'A.V. Vora Associates Pvt. Ltd.', 'Gate no 463-A, 463-B and 464, Mauje- Dhangarwadi, Tal, Khandala, Dist Satara, Maharashtra 412801', NULL, '', '', '', '', '', '', '', '', '', '', '', ''),
(61, 'Radhika Ispat', 'Gate no 463-A, 463-B and 464, Mauje- Dhangarwadi, Tal, Khandala, Dist Satara, Maharashtra 412801', NULL, '', '', '', '', '', '', '', '', '', '', '', ''),
(62, 'Power Connect', 'Gate no 463-A, 463-B and 464, Mauje- Dhangarwadi, Tal, Khandala, Dist Satara, Maharashtra 412801', NULL, '', '', '', '', '', '', '', '', '', '', '', ''),
(63, 'K.T.S. Electricals', 'Gate no 463-A, 463-B and 464, Mauje- Dhangarwadi, Tal, Khandala, Dist Satara, Maharashtra 412801', NULL, '', '', '', '', '', '', '', '', '', '', '', ''),
(64, 'Snow water Suppliers', 'Gate no 463-A, 463-B and 464, Mauje- Dhangarwadi, Tal, Khandala, Dist Satara, Maharashtra 412801', NULL, '', '', '', '', '', '', '', '', '', '', '', ''),
(65, 'Precision Engineering Work', 'Gate no 463-A, 463-B and 464, Mauje- Dhangarwadi, Tal, Khandala, Dist Satara, Maharashtra 412801', NULL, '', '', '', '', '', '', '', '', '', '', '', ''),
(66, 'Urja Building Services Consultants Pvt. Ltd.', 'Gate no 463-A, 463-B and 464, Mauje- Dhangarwadi, Tal, Khandala, Dist Satara, Maharashtra 412801', NULL, '', '', '', '', '', '', '', '', '', '', '', ''),
(67, 'M.A. Bauskar', 'Gate no 463-A, 463-B and 464, Mauje- Dhangarwadi, Tal, Khandala, Dist Satara, Maharashtra 412801', NULL, '', '', '', '', '', '', '', '', '', '', '', ''),
(68, 'Paresh M Vyas', 'Gate no 463-A, 463-B and 464, Mauje- Dhangarwadi, Tal, Khandala, Dist Satara, Maharashtra 412801', NULL, '', '', '', '', '', '', '', '', '', '', '', ''),
(69, 'Bajrang Security Service', 'Gate no 463-A, 463-B and 464, Mauje- Dhangarwadi, Tal, Khandala, Dist Satara, Maharashtra 412801', NULL, '', '', '', '', '', '', '', '', '', '', '', ''),
(70, 'The Municipal Corporation of Greater Mumbai', 'Gate no 463-A, 463-B and 464, Mauje- Dhangarwadi, Tal, Khandala, Dist Satara, Maharashtra 412801', NULL, '', '', '', '', '', '', '', '', '', '', '', ''),
(71, 'Skyway RMC Plants Pvt. Ltd.', '217, Kartik Complex, Opp. Laxmi Ind. Estate, New Link Road, Andheri (W), Mumbai - 53', NULL, '42480000', '', '', '', '', '', '', '', '', '', '', ''),
(72, 'D.K. Transport', 'Room No. 449/450, Sitladevi Zopatpatti, Mahaganapati Temple, Opp. Bldg. No. 26, D.N. Nagar, Andheri (W), Mumbai 400053', NULL, '9892308817', '9004063999', '9969721872', '', '', '', '', '', '', '', '', ''),
(73, 'VISHAL VAIBHAV', 'Gate no 463-A, 463-B and 464, Mauje- Dhangarwadi, Tal, Khandala, Dist Satara, Maharashtra 412801', NULL, '', '', '', '', '', '', '', '', '', '', '', ''),
(74, 'Drilltech Engineers Pvt. Ltd', 'Gate no 463-A, 463-B and 464, Mauje- Dhangarwadi, Tal, Khandala, Dist Satara, Maharashtra 412801', NULL, '', '', '', '', '', '', '', '', '', '', '', ''),
(75, 'Young Security Group ', 'Gate no 463-A, 463-B and 464, Mauje- Dhangarwadi, Tal, Khandala, Dist Satara, Maharashtra 412801', NULL, '', '', '', '', '', '', '', '', '', '', '', ''),
(76, 'The India Cements Ltd.', 'Gate no 463-A, 463-B and 464, Mauje- Dhangarwadi, Tal, Khandala, Dist Satara, Maharashtra 412801', NULL, '', '', '', '', '', '', '', '', '', '', '', ''),
(77, 'Kulswamini Prasana Building Material Supplier', 'House No. 8618, Shivmandir Road, Juna Ambernath Gaon,, Near Maruti mandir, Ambernarh (E). ', NULL, '9324922978', '7744823384', '9921343403', '', '', '7066707870', '', '', '', '', '', ''),
(78, 'Gayatri water Suppliers', 'Omkar Co-Op. Hou. Society Ltd. Behind Pencil Factory, Khadegolavali, Kalyan (E)-421306', NULL, '7798325271', '9881441132', '', '', '', '7798325271', '', '', '', '', '', ''),
(81, 'Geeta Laminates', '14, Geeta Complex, Hospital Road, Ulhasnagar- 421002', NULL, '', '', '', '', '', '9022439944', '', '', '', '', '', ''),
(83, 'CHIRAG ENTERPRISES', 'Flat No. 704, Sourabh Tower, Kolbad Road, Thane (West) ', NULL, '9821211044', '25476031', '', '', '', '', '', '', '', '', '', ''),
(84, 'Atul Kudtarkar & Associates', '103, Shree Yash Apt. Above Monginis Shop, Near Railway Station, Badlapur (E) - 421503 ', NULL, '9320990274', '8007863744', '', '', '', '', '', '', '', '', '', ''),
(85, 'Suraj Kedare', '10, Mithila Shoping Center, V.M. Road, J.V.P.D Scheme, Mumbai - 400049', NULL, '9970056345', '', '', '', '', '9970056345', '', '', '', '', '', ''),
(86, 'Zeba Timber Traders', 'Leela Sagar, C-Wing, Flat No. 109, Yari Road, Versova, Mumbai - 400061', NULL, '9820063066', '', '', '', '', '9820063066', '', '', '', '', '', ''),
(87, 'Shri Krishna Enterprises', 'House No. 8618, Shivmandir Road, Juna Ambernath Gaon,, Near Maruti mandir, Ambernarh (E).', NULL, '', '', '', '', '', '', '', '', '', '', '', ''),
(88, 'Inndus Cards & Gifts', 'B 14, Durian Estate, Goregaon-Mulund Link Road, Goregaon (E), Mumbai - 400063', NULL, '28760822', '40968900', '', '', '', '', '', '', '', '', '', ''),
(89, 'Jayesh Water Suppliers', 'Opp. Vir Rubber Company, K.B. Road, Forest Naka Chickoli, Ambernath (W).', NULL, '9822263560', '9822869650', '', '', '', '', '', '', '', '', '', ''),
(90, 'Perfect Geotechnics Pvt. Ltd.', 'House No. 8618, Shivmandir Road, Juna Ambernath Gaon,, Near Maruti mandir, Ambernarh (E).', NULL, '', '', '', '', '', '', '', '', '', '', '', ''),
(91, 'Mahadev Borewell Services', 'Flat No. 704, Sourabh Tower, Kolbad Road, Thane (West)', NULL, '', '', '', '', '', '', '', '', '', '', '', ''),
(92, 'S. VIJAYAN SAKKARPANI ', 'Room No. 742, SWAMY NAGAR, AMBERNATH WEST, DIST. THANE', NULL, '9049353450', '', '', '', '', '9049353450', '', '', '', '', '', ''),
(93, 'Samar Security Pvt. Ltd.', 'Room No.243, Sanjay nagar, Cama Estate, Wallbhat Road, Goregaon (E), Mumbai - 400063', NULL, '9892413960', '8655471053', '', '', '', '', '', '', '', '', '', ''),
(94, 'Task Facility Services', '03/ (B/05) Shivam CHS, Kanya Pada, A.K. Vaidya Marg, Goregaon (E), Mumbai - 63', NULL, '22961659', '22917018', '', '', '', '', '', '', '', '', '', ''),
(95, 'First Economy Private Limited', '205, Marine Chambers, 43, New Marine Lines, Churchgate,  Mumbai-400020', NULL, '61163202', '', '', '', '', '9819389130', '', '', '', '', '', ''),
(96, 'Sparkle Events & Exibitions ', 'Panjwani Sadan, Office No. 1, Goal Maidan, Near Andhra Bank, Ulhasnagar-421001', NULL, '9320869716', '', '', '', '', '9890694448', '', '', '', '', '', ''),
(97, 'Change Advertising', 'D-2, Santacruz Rameshwar Society, Near Khira Nagar, S.V. Road, Santacruz (W), Mumbai-400054', NULL, '0222636563', '', '', '', '', '', '', 'printing@changesadvtg.com', '', '', '', ''),
(98, 'Earth Advertising Pvt. Ltd.', 'D-2, Rameshwar, S.V. Road, Santacruz (W), Mumbai-400054', NULL, '02226136563', '', '', '', '', '', '', 'earthadvtg@rediffmail.com', '', '', '', ''),
(99, 'Vijas Graphics Pvt. :td.', 'A-67, 1st Floor, Virwani Industrial Estate, Near Western Express Highway, Goregaon (East), Mumbai-400063', NULL, '40270700', '', '', '', '', '', '', '', '', '', '', ''),
(100, 'Concretech India', 'Shop No. 1, Mannan Colony, Owe Road, Taloja, Navi Mumbai.', NULL, '', '', '', '', '', '', '', '', '', '', '', ''),
(101, 'Lafarge India Pvt. Ltd.', 'Equinox Business park, Tower-3, East wing, 4th floor,off. Bandra West, Mumbai-400070 ', NULL, '', '', '', '', '', '', '', '', '', '', '', ''),
(102, 'Shree Sainath Transport', 'Deep Tushar CHS., Shop No.6, Padmakar Colony, Near Bank of Maharashtra, Thakurli (E), 421201', NULL, '02512425690', '9967777345', '', '', '', '9664296516', '', '', '', '', '', ''),
(103, 'Ruby Enterprises', 'Deep Tushar CHS., Shop No.6, Padmakar Colony, Near Bank of Maharashtra, Thakurli (E), 421201		', NULL, '02512425690', '9664296516', '9967777345', '', '', '', '', '', '', '', '', ''),
(104, 'Nilesh Constructions ', 'B2/15, Amol Co. Op. Hsg. Society, A. Patverdhan Marg, Mulund-East, Mumbai - 400081', NULL, '67991148', '', '', '', '', '9322212329', '', '', '', '', '', ''),
(105, 'Omkar Enterprise', '1/38, Shree Krishna Nagar, M.G. Marg, Prabhadevi, Mumbai - 400101 ', NULL, '24379793', '9320948750', '', '', '', '', '', '', '', '', '', ''),
(106, 'S.S Electric Company', 's/6, Shree Ram Govind CHS, Motilal Nehru Road, Cross Tilak Road, Opp. Vijaya Bank, Dombivali (E) 421201', NULL, '2454689', '', '', '', '', '8080506262', '', '', '', '', '', ''),
(107, 'Rupesh Gawade ', 'A/40, Room No.03, Deonar Municipal Colony, Bus stop, Govandi, Mumbai-400043', NULL, '9833897171', '', '', '', '', '9870487920', '', '', '', '', '', ''),
(108, 'Samarth Constructions', 'Shop No. 1, Mannan Colony, Owe Road, Taloja, Navi Mumbai.', NULL, '', '', '', '', '', '', '', '', '', '', '', ''),
(109, 'Jyoti Drilling', 'Shop No.3 Azad Seva chawl, Opp. Hanuman Temple, Kranti Nagar, Kandivali (E) Mumbai 400025', NULL, '9833062318', '9820334947', '', '', '', '', '', '', '', '', '', ''),
(110, 'AG Consultants', 'Mumbai', NULL, '9833856664', '', '', '', '', '', '', '', '', '', '', ''),
(111, 'Enviro Analysts & Engineers pvt. Ltd.', 'Shop No. 1, Mannan Colony, Owe Road, Taloja, Navi Mumbai.', NULL, '', '', '', '', '', '', '', '', '', '', '', ''),
(112, 'Vandana Nagari Seva Sahakari Sanstha Ltd.', 'Dr. Ambedkar Nagar CHSL, Near Samrat Ashok Buddhu Vihar, Bhd. Mahindra Park, Ghatkopar (W), Mumbai-86', NULL, '9892856026', '9323811169', '', '', '', '', '', '', '', '', '', ''),
(113, 'PACEINDIA Infrastructure ', 'Kent Enclave, 3 B - wing, Haridas Nagar, Near Korakendra, Borivali west , mumbai 4000092', NULL, '28632023', '9022922013', '', '', '', '', '', '', '', '', '', ''),
(114, 'Encom Infrastructure', 'Unit No. 223, 2nd floor Anand Raj Indl. Prem. Co-op. Soc. Ltd. Sonapur Lane, Behind Asian Paints, Bandup (W), Mumbai-400078', NULL, '25664664', '9967519819', '', '', '', '', '', '', '', '', '', ''),
(115, 'Vaishnav Security Services', '3, Ground Floor, Swarajya CHS Ltd., Bldg. No.2, Senapati Bapat Marg, Behind Kamgar Stadium', NULL, '9892079016', '9820676877', '', '', '', '', '', '', '', '', '', ''),
(116, 'M.G. Gosavi ', 'Flat No. 3, Ground Floor, Someshwar Bldg, Near Su-swagat-  Hotel, Tata Steel, Rajendra Nagar, Borivali (E) Mumbai 400066', NULL, '02228700933', '9167986999', '', '', '', '9821527001', '', '', '', '', '', ''),
(117, 'Asif Bangi', '10, Mithila Shopping Center, V.M. Road, J.V.P.D Scheme, Mumbai - 400 409', NULL, '61333333', '', '', '', '', '', '', '', '', '', '', ''),
(118, 'Sarvoday Enterprises', '303, "B" Wing, Veena Geet, Mahavir Nagar, Kandivali (west), Mumbai - 400067', NULL, '9833300433', '', '', '', '', '', '', '', '', '', '', ''),
(119, 'Graphic Innovators India Private Limited', '900, Sangita Ellipse, Tejpal Scheme No.5, Sahakar Road, Nr, Garware House, Ville Parle (E), Mumbai-400057', NULL, '26849149', '', '', '', '', '', '', 'accounts@giipl.com', '', '', '', ''),
(121, 'Vorace Business Solution', '18, Shiv-Krupa IOndustrial Estate , LBS Marg , Vikroli-west, Mumbai -400063', NULL, '40968900', '', '', '', '', '', '', '', '', '', '', ''),
(122, 'Spectrum Sign & Display', 'Dheeraj Heritage Commercial Complex, Shop No. 35 Ground Floor, S V Roa, Santacruz (W), Mumbai-400054', NULL, '40064624', '', '', '', '', '', '', '', '', '', '', ''),
(123, 'Raj Associates', 'A-2, Nimesh Apt, Mandpeshwar Road, S V P Raod, Borivali (W), Mumbai-400092    ', NULL, '', '', '', '', '', '8080908800', '', '', '', '', '', ''),
(124, 'Victory Enterprises', 'B-25, Vishal Apartment, Navghar Road, Mulund (E), Mumbai-400081', NULL, '22', '', '', '', '', '', '', '', '', '', '', ''),
(125, 'Gauri traders', 'Vishal 1/102, Opp. Soni wadi, Ckicken Villa Road, Borivali West Mumbai 400092', NULL, '28995304', '', '', '', '', '', '', '', '', '', '', ''),
(126, 'Bhakti Steel Sales', '13th, Gala Niwas, 1st Floor, M G Road, Kandiwali (West), Mumbai-400064', NULL, '28611630', '', '', '', '', '', '', '', '', '', '', ''),
(127, 'U.C. Metals Pvt Ltd', '303, Kane Plaza, Link Road, Chincholi Bunder, Mindspace, Malad (W), Mumbai-400064', NULL, '28722323', '', '', '', '', '', '', '', '', '', '', ''),
(128, 'Bhavin Steel Pvt. Ltd,', 'B-201 Victory Park, Chandvarkar Lane, Borivali (west)', NULL, '28937272', '', '', '', '', '', '', '', '', '', '', ''),
(129, 'Shree Gurudev Enterprises', '501, Ashirwad, 5th Floor, Ahmedabad Street, Iron Market, Mumbai-400009', NULL, '23486695', '', '', '', '', '', '', '', '', '', '', ''),
(130, 'Royal Hardware Stores', '303, Kane Plaza, Link Road, Chincholi Bunder, Mindspace, Malad (W), Mumbai-400064', NULL, '', '', '', '', '', '', '', '', '', '', '', ''),
(131, 'Ply Planet', 'B-25, Vishal Apartment, Navghar Road, Mulund (E), Mumbai-400081', NULL, '', '', '', '', '', '', '', '', '', '', '', ''),
(132, 'Annamalai Transport ', 'B-25, Vishal Apartment, Navghar Road, Mulund (E), Mumbai-400081', NULL, '', '', '', '', '', '', '', '', '', '', '', ''),
(133, 'Maheswari Industries', '303, Kane Plaza, Link Road, Chincholi Bunder, Mindspace, Malad (W), Mumbai-400064', NULL, '', '', '', '', '', '', '', '', '', '', '', ''),
(134, 'Vasavadatta Cement', '501, Ashirwad, 5th Floor, Ahmedabad Street, Iron Market, Mumbai-400009', NULL, '', '', '', '', '', '', '', '', '', '', '', ''),
(135, 'Shakti Packaging', 'B-25, Vishal Apartment, Navghar Road, Mulund (E), Mumbai-400081', NULL, '', '', '', '', '', '', '', '', '', '', '', ''),
(136, 'VICAT SAGAR CEMENT PVT. LTD.', '303, Kane Plaza, Link Road, Chincholi Bunder, Mindspace, Malad (W), Mumbai-400064', NULL, '', '', '', '', '', '', '', '', '', '', '', ''),
(137, 'ACC Limited', 'B-201 Victory Park, Chandvarkar Lane, Borivali (west)	', NULL, '', '', '', '', '', '', '', '', '', '', '', ''),
(138, 'Dipen C. Gor', '303, Kane Plaza, Link Road, Chincholi Bunder, Mindspace, Malad (W), Mumbai-400064', NULL, '', '', '', '', '', '', '', '', '', '', '', ''),
(139, 'Wohr Parking Systems Pvt. Ltd.', '303, Kane Plaza, Link Road, Chincholi Bunder, Mindspace, Malad (W), Mumbai-400064', NULL, '', '', '', '', '', '', '', '', '', '', '', ''),
(140, 'S.R.P. Enterprises', '303, Kane Plaza, Link Road, Chincholi Bunder, Mindspace, Malad (W), Mumbai-400064', NULL, '', '', '', '', '', '', '', '', '', '', '', ''),
(141, 'Unity Enterprises', '303, Kane Plaza, Link Road, Chincholi Bunder, Mindspace, Malad (W), Mumbai-400064', NULL, '', '', '', '', '', '', '', '', '', '', '', ''),
(142, 'Ganesh Y.Gawade', 'B-25, Vishal Apartment, Navghar Road, Mulund (E), Mumbai-400081', NULL, '', '', '', '', '', '', '', '', '', '', '', ''),
(143, 'Shape Architects', '303, Kane Plaza, Link Road, Chincholi Bunder, Mindspace, Malad (W), Mumbai-400064', NULL, '', '', '', '', '', '', '', '', '', '', '', ''),
(144, 'Sura & Associates', '303, Kane Plaza, Link Road, Chincholi Bunder, Mindspace, Malad (W), Mumbai-400064', NULL, '', '', '', '', '', '', '', '', '', '', '', ''),
(145, 'Talati & Panthaky-Associated Pvt. Ltd', '501, Ashirwad, 5th Floor, Ahmedabad Street, Iron Market, Mumbai-400009', NULL, '', '', '', '', '', '', '', '', '', '', '', ''),
(146, 'S.S. ENTERPRISES', 'B-25, Vishal Apartment, Navghar Road, Mulund (E), Mumbai-400081', NULL, '', '', '', '', '', '', '', '', '', '', '', ''),
(147, 'Gomati Enterprises', '303, Kane Plaza, Link Road, Chincholi Bunder, Mindspace, Malad (W), Mumbai-400064', NULL, '', '', '', '', '', '', '', '', '', '', '', ''),
(148, 'EVERCOOL AIRCON', 'B,B/6 Rajdarshan CHS, Dadapati wadi, Thane (W) 400601', NULL, '25392260', '', '', '', '', '', '', '', '', '', '', ''),
(150, 'BTC World', '102, Gemini Bldg, Opp. Saraswat Bank, Neharu Rd., Vile Parle East ', NULL, '', '', '', '', '', '9004990094', '', '', '', '', '', ''),
(151, 'Damjibhai J. Sondigala', '412/Sukra Diamond Bldg, Gaushala Lane, Malad (E), Mumbai-400097', NULL, '288440144', '', '', '', '', '', '', '', '', '', '', ''),
(152, 'REGENCY ISPAT PVT. LTD', 'Range : V Bhivandi Rabee Plazza, 2nd Floor, Dhamankar Naka, Bhiwandi', NULL, '0', '', '', '', '', '', '', '', '', '', '', ''),
(153, 'Vertical', '03, John Parera Nivas, Kol-Dongri, Vile Parle (E), Mumbai-57', NULL, '', '', '', '', '', '', '', '', '', '', '', ''),
(154, 'EarthStone Infra Pvt Ltd', '16, Shreeji Shopping Arcade, Near G.H. School, M.G. Road, Borivali (East), Mumbai - 400066', NULL, '28959366', '', '', '', '', '', '', '', '', '', '', ''),
(155, 'J.N. Associates', '804, Dev Plaza, Opp. Andheri Fire Brigade, S.V. Road, Vile Parle (W), Mumbai - 400056', NULL, '26719999', '', '', '', '', '', '', '', '', '', '', ''),
(156, 'Pest Control (India) Pvt. Ltd.', '''Narayani'' Ambabai Temple Compound, Aarey Road, Goregaon (West), Mumbai - 400062', NULL, '40865600', '', '', '', '', '', '', '', '', '', '', ''),
(157, 'Shreenath Trading ', 'AC-401, Nutan Ayojan Nagar C.H.S. Ltd., Liberty Garden Cross Rd. No.4, Opp. Shivsena Sakha, malad (West), Mumbai - 400064', NULL, '', '', '', '', '', '9833403801', '', '', '', '', '', ''),
(158, 'Patel Painting Works', 'Nav Vikas Chawl, Road No. 4, Golibar, Santacruz (East), Mumbai - 400055', NULL, '', '', '', '', '', '9821048690', '', '', '', '', '', ''),
(159, 'Allwyn Jumbo Zerox', '9-C, 10, Vertex Vikas Shopping Center, ''B'' wing, Behind Andheri Police Station (E), Mumbai 400069', NULL, '26843101', '', '', '', '', '', '', '', '', '', '', ''),
(160, 'Sunil Gawade', 'Nav Vikas Chawl, Road No. 4, Golibar, Santacruz (East), Mumbai - 400055', NULL, '', '', '', '', '', '', '', '', '', '', '', ''),
(161, 'Stefon Construction Pvt. Ltd.', 'Nav Vikas Chawl, Road No. 4, Golibar, Santacruz (East), Mumbai - 400055', NULL, '', '', '', '', '', '', '', '', '', '', '', ''),
(162, 'James Electricals Private Limited', 'Nav Vikas Chawl, Road No. 4, Golibar, Santacruz (East), Mumbai - 400055', NULL, '', '', '', '', '', '', '', '', '', '', '', ''),
(163, 'Lotus Water Suppliers', 'Nav Vikas Chawl, Road No. 4, Golibar, Santacruz (East), Mumbai - 400055', NULL, '', '', '', '', '', '', '', '', '', '', '', ''),
(164, 'Mandhare Transport Co.', 'Nav Vikas Chawl, Road No. 4, Golibar, Santacruz (East), Mumbai - 400055', NULL, '', '', '', '', '', '', '', '', '', '', '', ''),
(165, 'Premier Lifts Co.', 'Nav Vikas Chawl, Road No. 4, Golibar, Santacruz (East), Mumbai - 400055', NULL, '', '', '', '', '', '', '', '', '', '', '', ''),
(166, 'Pankaj Patil', 'Gate no 463-A, 463-B and 464, Mauje- Dhangarwadi, Tal, Khandala, Dist Satara, Maharashtra 412801', NULL, '', '', '', '', '', '', '', '', '', '', '', ''),
(167, 'Stefon Constructions', 'Mumbai', NULL, '', '', '', '', '', '', '', '', '', '', '', ''),
(168, 'Shraddha Enterprises', 'Ghatakopar, Mumbai-75', NULL, '', '', '', '', '', '', '', '', '', '', '', ''),
(169, 'Virtue 8 Personnel Services LLP', 'Mumbai', NULL, '', '', '', '', '', '', '', '', '', '', '', ''),
(170, 'Shri Siddhitech Enterprises ', 'Mumbai', NULL, '', '', '', '', '', '', '', '', '', '', '', ''),
(171, 'Kamlesh Changlani', '10, Mithila Shopping Center, V.M. Road, J.V.P.D. Scheme, Mumbai - 400049', NULL, '67333333', '', '', '', '', '', '', '', '', '', '', ''),
(172, 'Aaryan Structon Pvt. Ltd.', '515, 5th floor, A-wing, Sagar Tech Plaza, Andheri Kurla Road, Sakinaka , Andheri (E)', NULL, '28525505', '', '', '', '', '9820141715', '', '', '', '', '', ''),
(173, 'Supreme Manpower Services', '7/8, Upasana Bldg, 3rd floor, L.J. Road, Shivaji Park, Mahim-400016', NULL, '02224301136', '02224301137', '', '', '', '', '', '', '', '', '', ''),
(174, 'Dr. P.S. Ramkrishna', '603, Gagangad, IIT-Bombay Staff CHS Ltd, Behind S M Shetty High School , Powai, Mumbai - 76', NULL, '9223295510', '9869004448', '', '', '', '', '', '', '', '', '', ''),
(175, 'Mohd. Jahid Ayub Shaikh', 'C-4, Gayak Mohd. Rafiq Nagar, Near Faisal Rasul Masjid, Shivaji Nagar, Govandi, Mumbai - 43', NULL, '9821294842', '', '', '', '', '', '', '', '', 'CGDPS9258K', '', ''),
(176, 'Enlab Associates ', 'B-4, Indrayani Complex, Ground Floor, J.K.Sawant Marg, Dadar (W), Mumbai-28', NULL, '28872787', '24220443', '', '', '', '9820092051', '', '', '', '', '', ''),
(177, 'M. M. Enterprises', '4/33, Rukmini, Jagruti Lane, Vadavali Section, Ambernath (E) - 421 501.', NULL, '', '', '', '', '', '7498986338', '', '', '', '', '', ''),
(178, 'Hira Print Solutions Pvt. Ltd.', 'Opp. Larsen & Tourbro, Gate No. 6, Saki Vihar Road, Powai, Mumbai 400072.', NULL, '27788350', '', '', '', '', '9930137747', '', '', '', '', '', ''),
(179, 'APS Facility Services', 'Unit No. 45/42, SDM Ram Nagar, Road No. 28, Wagle Estate, Thane (West), Thane - 400 604', NULL, '25837464', '', '', '', '', '09867775533', '', 'apsfacility7@gmail.com', '', 'BDGPP7867Q', 'BDGPP7867QSD002', '');

-- --------------------------------------------------------

--
-- Table structure for table `debit_note_details`
--

CREATE TABLE IF NOT EXISTS `debit_note_details` (
`debit_note_id` int(50) NOT NULL,
  `debit_note_no` int(50) NOT NULL,
  `record_id` varchar(50) NOT NULL,
  `debit_amount` varchar(50) NOT NULL,
  `date` varchar(50) NOT NULL,
  `prev_total_debit_amt` bigint(50) NOT NULL,
  `total_debit_amt_now` bigint(50) NOT NULL,
  `remarks` varchar(250) NOT NULL
) ENGINE=InnoDB AUTO_INCREMENT=5 DEFAULT CHARSET=latin1;

--
-- Dumping data for table `debit_note_details`
--

INSERT INTO `debit_note_details` (`debit_note_id`, `debit_note_no`, `record_id`, `debit_amount`, `date`, `prev_total_debit_amt`, `total_debit_amt_now`, `remarks`) VALUES
(1, 1, 'A0004', '604800', '02-02-2016', 0, 604800, 'Geeta Laminates-Shuttering Wood/ Plywood Material - R 1 dt. 29.07.15  (21.07.15 to 21.07.15)'),
(2, 2, 'A0004', '145067', '02-02-2016', 604800, 749867, 'Zeba Timber Traders - Shuttering Wood/ Plywood/ Material   - (R) 1 dt. 17.08.15 (22.07.15 to 25.07.15)'),
(3, 3, 'A0004', '162902', '02-02-2016', 749867, 912769, 'Zeba Timber Traders - Shuttering Wood/ Plywood/ Material   - (R) 1 dt. 17.08.15 (22.07.15 to 25.07.15)'),
(4, 1, 'A0005', '500', '02-02-2016', 0, 500, 'Suraj Kedare - Site Exp. - (R)3 dt. 09.03.15 (01.02.15 to 28.02.15)');

-- --------------------------------------------------------

--
-- Table structure for table `debit_type`
--

CREATE TABLE IF NOT EXISTS `debit_type` (
  `deb_type` varchar(50) NOT NULL
) ENGINE=InnoDB DEFAULT CHARSET=latin1;

-- --------------------------------------------------------

--
-- Table structure for table `designation`
--

CREATE TABLE IF NOT EXISTS `designation` (
`des_id` int(11) NOT NULL,
  `des_name` varchar(50) DEFAULT NULL
) ENGINE=InnoDB AUTO_INCREMENT=3 DEFAULT CHARSET=latin1;

--
-- Dumping data for table `designation`
--

INSERT INTO `designation` (`des_id`, `des_name`) VALUES
(1, 'Authorised Signatory'),
(2, 'Director');

-- --------------------------------------------------------

--
-- Table structure for table `engineering_group`
--

CREATE TABLE IF NOT EXISTS `engineering_group` (
`id` int(11) NOT NULL,
  `engineering_group` varchar(50) DEFAULT NULL
) ENGINE=InnoDB AUTO_INCREMENT=19 DEFAULT CHARSET=latin1;

--
-- Dumping data for table `engineering_group`
--

INSERT INTO `engineering_group` (`id`, `engineering_group`) VALUES
(8, 'Aluminium Windows & glazing work'),
(7, 'Carpentry & Furniture work'),
(1, 'Civil & Waterproofing'),
(2, 'Electrical'),
(15, 'Equipement & Tools & Machinery'),
(11, 'Fire fighting'),
(10, 'Grills & Fabrication'),
(16, 'HVAC'),
(14, 'Landscape & Gardening & Road Work'),
(12, 'Lift'),
(18, 'Marble'),
(17, 'Miscellaneous'),
(13, 'Painting'),
(5, 'Plumbing - pumps'),
(9, 'POP & Gypsum'),
(4, 'Tiling & Stone work');

-- --------------------------------------------------------

--
-- Table structure for table `interim_details`
--

CREATE TABLE IF NOT EXISTS `interim_details` (
`int_det_id` int(11) NOT NULL,
  `run_id` int(50) NOT NULL,
  `record_id` varchar(50) NOT NULL,
  `int_type` varchar(50) NOT NULL,
  `int_no` int(50) NOT NULL,
  `amt_cert_now_int` bigint(50) NOT NULL,
  `total_incl_this_cert_amt` bigint(50) NOT NULL,
  `pay_now` bigint(50) NOT NULL,
  `payment_mode` varchar(50) NOT NULL,
  `deb_type` varchar(50) NOT NULL,
  `remarks` varchar(255) NOT NULL,
  `retention_id` int(50) NOT NULL,
  `debit` varchar(50) NOT NULL,
  `previous_date` varchar(50) NOT NULL,
  `previous_type` varchar(50) NOT NULL,
  `previous_no` int(50) NOT NULL,
  `previous_amount` bigint(50) NOT NULL,
  `previous_other_agencies` bigint(50) NOT NULL,
  `date` varchar(50) NOT NULL,
  `paying_company` varchar(50) NOT NULL
) ENGINE=InnoDB AUTO_INCREMENT=50 DEFAULT CHARSET=latin1;

--
-- Dumping data for table `interim_details`
--

INSERT INTO `interim_details` (`int_det_id`, `run_id`, `record_id`, `int_type`, `int_no`, `amt_cert_now_int`, `total_incl_this_cert_amt`, `pay_now`, `payment_mode`, `deb_type`, `remarks`, `retention_id`, `debit`, `previous_date`, `previous_type`, `previous_no`, `previous_amount`, `previous_other_agencies`, `date`, `paying_company`) VALUES
(1, 7, 'A0004', 'I', 1, 1250000, 1250000, 1250000, 'Cheque', '', 'Immediate ', 0, '', '', '', 0, 0, 0, '24-11-2015', 'APACE REALTY'),
(2, 8, 'A0005', 'I', 1, 1250000, 1250000, 1250000, 'Cheque', '', 'Immediate ', 0, '', '', '', 0, 0, 0, '24-11-2015', 'APACE REALTY'),
(3, 27, 'A0004', 'I', 2, 2058699, 3308699, 2058699, 'Cheque', '', 'Immediate ', 0, '', '24-11-2015', 'I', 1, 1250000, 0, '24-11-2015', 'APACE REALTY'),
(4, 28, 'A0005', 'I', 2, 2554848, 3804848, 2554848, 'Cheque', '', 'Immediate ', 0, '', '24-11-2015', 'I', 1, 1250000, 0, '24-11-2015', 'APACE REALTY'),
(5, 32, 'A0013', 'I', 1, 176146, 176146, 176146, 'Cheque', '', 'Immediate ', 0, '', '', '', 0, 0, 0, '24-11-2015', 'APACE REALTY'),
(6, 33, 'A0014', 'I', 1, 188269, 188269, 188269, 'Cheque', '', 'Immediate ', 0, '', '', '', 0, 0, 0, '24-11-2015', 'APACE REALTY'),
(7, 43, 'A0005', 'I', 3, 904181, 4709029, 904181, 'Cheque', '', 'Immediate ', 0, '', '24-11-2015', 'I', 2, 2554848, 0, '24-11-2015', 'APACE REALTY'),
(8, 45, 'A0005', 'I', 4, 804160, 5513189, 804160, 'Cheque', '', 'Immediate ', 0, '', '24-11-2015', 'I', 3, 904181, 0, '24-11-2015', 'APACE REALTY'),
(9, 46, 'A0004', 'I', 3, 484264, 3792963, 484264, 'Cheque', '', 'Immediate ', 0, '', '24-11-2015', 'I', 2, 2058699, 0, '24-11-2015', 'APACE REALTY'),
(10, 49, 'A0004', 'I', 4, 454456, 4247419, 454456, 'Cheque', '', 'Immediate ', 0, '', '24-11-2015', 'I', 3, 484264, 0, '24-11-2015', 'APACE REALTY'),
(11, 50, 'A0005', 'I', 5, 809556, 6322745, 809556, 'Cheque', '', 'Immediate ', 0, '', '24-11-2015', 'I', 4, 804160, 0, '24-11-2015', 'APACE REALTY'),
(12, 52, 'A0005', 'I', 6, 836542, 7159287, 836542, 'Cheque', '', 'Immediate ', 0, '', '24-11-2015', 'I', 5, 809556, 0, '24-11-2015', 'APACE REALTY'),
(13, 53, 'A0004', 'I', 5, 454456, 4701875, 454456, 'Cheque', '', 'Immediate ', 0, '', '24-11-2015', 'I', 4, 454456, 0, '24-11-2015', 'APACE REALTY'),
(14, 59, 'A0004', 'I', 6, 479704, 5181579, 479704, 'Cheque', '', 'Immediate ', 0, '', '24-11-2015', 'I', 5, 454456, 0, '24-11-2015', 'APACE REALTY'),
(15, 60, 'A0005', 'I', 7, 809556, 7968843, 809556, 'Cheque', '', 'Immediate ', 0, '', '24-11-2015', 'I', 6, 836542, 0, '24-11-2015', 'APACE REALTY'),
(16, 66, 'A0004', 'I', 7, 782674, 5964253, 782674, 'Cheque', '', 'Immediate ', 0, '', '24-11-2015', 'I', 6, 479704, 0, '24-11-2015', 'APACE REALTY'),
(17, 67, 'A0005', 'I', 8, 1146872, 9115715, 1146872, 'Cheque', '', 'Immediate ', 0, '', '24-11-2015', 'I', 7, 809556, 0, '24-11-2015', 'APACE REALTY'),
(18, 70, 'A0005', 'I', 9, 769079, 9884794, 769079, 'Cheque', '', 'Immediate ', 0, '', '24-11-2015', 'I', 8, 1146872, 0, '25-11-2015', 'APACE REALTY'),
(19, 71, 'A0004', 'I', 8, 605941, 6570194, 605941, 'Cheque', '', 'Immediate ', 0, '', '24-11-2015', 'I', 7, 782674, 0, '25-11-2015', 'APACE REALTY'),
(20, 82, 'A0033', 'I', 1, 561800, 561800, 561800, 'Cheque', '', 'Immediate ', 0, '', '', '', 0, 0, 0, '25-11-2015', 'Shree Tirupati Builders & Developers'),
(21, 83, 'A0033', 'I', 2, 416575, 978375, 416575, 'Cheque', '', 'Immediate ', 0, '', '25-11-2015', 'I', 1, 561800, 0, '25-11-2015', 'Shree Tirupati Builders & Developers'),
(22, 95, 'A0040', 'I', 1, 114952, 114952, 114952, 'Cheque', '', 'Already Paid by Shree Tirupati Builders & Developers', 0, '', '', '', 0, 0, 0, '25-11-2015', 'Shree Tirupati Builders & Developers'),
(23, 96, 'A0040', 'I', 2, 689714, 804666, 689714, 'Cheque', '', 'Already Paid by Shree Tirupati Builders & Developers', 0, '', '25-11-2015', 'I', 1, 114952, 0, '25-11-2015', 'Shree Tirupati Builders & Developers'),
(24, 97, 'A0041', 'I', 1, 328435, 328435, 328435, 'Cheque', '', 'Already Paid by Shree Tirupati Builders & Developers', 0, '', '', '', 0, 0, 298878, '25-11-2015', 'Shree Tirupati Builders & Developers'),
(25, 98, 'A0041', 'I', 2, 656870, 985305, 656870, 'Cheque', '', 'Immediate ', 0, '', '25-11-2015', 'I', 1, 328435, 298878, '25-11-2015', 'Shree Tirupati Builders & Developers'),
(26, 99, 'A0033', 'I', 3, 771001, 1749376, 771001, 'Cheque', '', 'Immediate ', 0, '', '25-11-2015', 'I', 2, 416575, 0, '25-11-2015', 'Shree Tirupati Builders & Developers'),
(27, 107, 'A0033', 'F', 1, 1180220, 2929596, 930220, 'Cheque', '', 'Immediate ', 14, '', '25-11-2015', 'I', 3, 771001, 0, '26-11-2015', 'Shree Tirupati Builders & Developers'),
(28, 136, 'A0041', 'I', 3, 233260, 1218565, 233260, 'Cheque', '', 'Immediate', 0, '', '25-11-2015', 'I', 2, 656870, 298878, '26-11-2015', 'Shree Tirupati Builders & Developers'),
(29, 150, 'A0062', 'I', 1, 2000000, 2000000, 2000000, 'Cheque', '', 'Immediate', 0, '', '', '', 0, 0, 0, '27-11-2015', 'Shree Tirupati Builders & Developers'),
(30, 160, 'A0041', 'I', 4, 233260, 1451825, 233260, 'Cheque', '', 'Immediate', 0, '', '26-11-2015', 'I', 3, 233260, 318030, '27-11-2015', 'Shree Tirupati Builders & Developers'),
(31, 165, 'A0040', 'I', 3, 174945, 979611, 174945, 'Cheque', '', 'Immediate', 0, '', '25-11-2015', 'I', 2, 689714, 0, '27-11-2015', 'Shree Tirupati Builders & Developers'),
(32, 167, 'A0062', 'I', 2, 782290, 2782290, 782290, 'Cheque', '', 'Immediate', 0, '', '27-11-2015', 'I', 1, 2000000, 0, '27-11-2015', 'Shree Tirupati Builders & Developers'),
(33, 168, 'A0062', 'I', 3, 1300000, 4082290, 1300000, 'Cheque', '', 'Immediate', 0, '', '27-11-2015', 'I', 2, 782290, 0, '27-11-2015', 'Shree Tirupati Builders & Developers'),
(34, 184, 'A0062', 'I', 4, 654432, 4736722, 654432, 'Cheque', '', 'Immediate ', 0, '', '27-11-2015', 'I', 3, 1300000, 811728, '09-12-2015', 'Shree Tirupati Builders & Developers'),
(35, 190, 'A0004', 'I', 9, 1039690, 7609884, 1039690, 'Cheque', '', 'Immediate ', 0, '', '25-11-2015', 'I', 8, 605941, 0, '11-12-2015', 'APACE REALTY'),
(36, 191, 'A0005', 'I', 10, 1271278, 11156072, 1271278, 'Cheque', '', 'Immediate ', 0, '', '25-11-2015', 'I', 9, 769079, 0, '11-12-2015', 'APACE REALTY'),
(37, 192, 'A0076', 'I', 1, 84900, 84900, 84900, 'Cheque', '', 'Immediate ', 0, '', '', '', 0, 0, 0, '14-12-2015', 'APACE REALTY'),
(38, 193, 'A0077', 'I', 1, 108369, 108369, 108369, 'Cheque', '', 'Immediate ', 0, '', '', '', 0, 0, 0, '14-12-2015', 'APACE REALTY'),
(39, 196, 'A0005', 'I', 11, 975729, 12131801, 975729, 'Cheque', '', 'Immediate ', 0, '', '11-12-2015', 'I', 10, 1271278, 0, '16-12-2015', 'APACE REALTY'),
(40, 197, 'A0079', 'I', 1, 188372, 188372, 188372, 'Cheque', '', 'Immediate ', 0, '', '', '', 0, 0, 0, '17-12-2015', 'APACE REALTY'),
(41, 200, 'A0041', 'I', 5, 233260, 1685085, 233260, 'Cheque', '', 'Immediate ', 0, '', '27-11-2015', 'I', 4, 233260, 363830, '21-12-2015', 'Shree Tirupati Builders & Developers'),
(42, 202, 'A0004', 'I', 10, 1422722, 9032606, 1422722, 'Cheque', '', 'Immediate ', 0, '', '11-12-2015', 'I', 9, 1039690, 0, '21-12-2015', 'APACE REALTY'),
(43, 206, 'A0041', 'I', 5, 234283, 1686108, 234283, 'Cheque', '', 'Immediate ', 0, '', '27-11-2015', 'I', 4, 233260, 363830, '21-12-2015', 'Shree Tirupati Builders & Developers'),
(44, 208, 'A0004', 'I', 10, 1420063, 9029947, 1420063, 'Cheque', '', 'Immediate ', 0, '', '11-12-2015', 'I', 9, 1039690, 0, '21-12-2015', 'APACE REALTY'),
(45, 209, 'A0004', 'I', 11, 1242557, 10272504, 1242557, 'Cheque', '', 'Immediate ', 0, '', '21-12-2015', 'I', 10, 1420063, 0, '30-12-2015', 'APACE REALTY'),
(46, 210, 'A0005', 'I', 12, 1463593, 13595394, 1463593, 'Cheque', '', 'Immediate ', 0, '', '16-12-2015', 'I', 11, 975729, 0, '30-12-2015', 'APACE REALTY'),
(47, 223, 'A0041', 'I', 6, 78094, 1764202, 78094, 'Cheque', '', 'Immediate ', 0, '', '21-12-2015', 'I', 5, 234283, 363830, '19-01-2016', 'Shree Tirupati Builders & Developers'),
(48, 224, 'A0004', 'I', 12, 1014332, 11286836, 1014332, 'Cheque', '', 'Immediate ', 0, '', '30-12-2015', 'I', 11, 1242557, 0, '21-01-2016', 'APACE REALTY'),
(49, 225, 'A0005', 'I', 13, 1084143, 14679537, 1084143, 'Cheque', '', 'Immediate ', 0, '', '30-12-2015', 'I', 12, 1463593, 0, '21-01-2016', 'APACE REALTY');

-- --------------------------------------------------------

--
-- Table structure for table `material`
--

CREATE TABLE IF NOT EXISTS `material` (
`mat_id` int(11) NOT NULL,
  `mat_name` varchar(50) DEFAULT NULL,
  `mesunit_name` varchar(50) DEFAULT NULL,
  `material_group` varchar(50) DEFAULT NULL,
  `material_flag` int(2) NOT NULL DEFAULT '0'
) ENGINE=InnoDB AUTO_INCREMENT=44 DEFAULT CHARSET=latin1;

--
-- Dumping data for table `material`
--

INSERT INTO `material` (`mat_id`, `mat_name`, `mesunit_name`, `material_group`, `material_flag`) VALUES
(1, 'PPC Cement', 'Bags', 'Civil Work', 0),
(2, 'OPC 53 Cement', 'Bags', 'Civil Work', 0),
(3, 'Wash Basin', 'Nos.', 'CP Sanatary', 0),
(4, 'Flush Tank', 'Nos.', 'CP Sanatary', 0),
(5, 'PVC Floor Trap Jali ', 'Nos.', 'CP Sanatary', 0),
(6, 'Jet Spray', 'Nos.', 'CP Sanatary', 0),
(7, 'M-15', 'Cubic Mtr', 'Civil Work', 0),
(9, 'White Spotted Marble', 'Sq. Ft.', 'Marble', 0),
(10, 'Door Frames Materials', 'Sq. Ft.', 'Door & Door Frames ', 0),
(11, 'Flush Doors', 'Sq. Ft.', 'Door & Door Frames ', 0),
(12, 'Boards', 'Sq. Ft.', 'Plywood, Sheets & Boards', 0),
(13, 'Laminates & Veneers', 'Sq. Ft.', 'Plywood, Sheets & Boards', 0),
(15, 'Plywood', 'Sq. Ft.', 'Plywood, Sheets & Boards', 0),
(16, 'Brick Bats', 'Nos.', 'Building Material', 0),
(17, 'Bricks & blocks ', 'Nos.', 'Building Material', 0),
(18, 'Crush Sand', 'Brass', 'Building Material', 0),
(19, 'Fly Ash', 'Bags', 'Building Material', 0),
(20, 'Grit Powder', 'Brass', 'Building Material', 0),
(21, 'Metal', 'Brass', 'Building Material', 0),
(22, 'Rubble', 'Brass', 'Building Material', 0),
(23, 'Sand', 'Brass', 'Building Material', 0),
(24, 'Silpoz Sand', 'Brass', 'Building Material', 0),
(25, 'Water', 'Liters', 'Building Material', 0),
(27, 'Binding Wires', 'Kg.', 'Steel', 0),
(28, 'Couplers', 'Nos.', 'Steel', 0),
(29, 'Ms/Gi - Plates & Sheets', 'Tons', 'Steel', 0),
(30, 'Reinforcement Steel', 'Tons', 'Steel', 0),
(31, 'Lights, Bulbs & fans', 'Nos.', 'Electrical Fixtures', 0),
(32, 'Sound System', 'Nos.', 'Electrical Fixtures', 0),
(33, 'Switches', 'Nos.', 'Electrical Fixtures', 0),
(34, 'Conduits & Fittings', 'Nos.', 'Electrical Material', 0),
(35, 'Switch Gears & Acessories', 'Nos.', 'Electrical Material', 0),
(36, 'wires & Cables', 'Nos.', 'Electrical Material', 0),
(37, 'Computer Hardware', 'Nos.', 'Computers', 0),
(38, 'Computer Software', 'Nos.', 'Computers', 0),
(39, 'Air Conditioner', 'Nos.', 'Office Equipements', 0),
(40, 'Attendence System', 'Nos.', 'Office Equipements', 0),
(41, 'Mobile Phones', 'Nos.', 'Office Equipements', 0),
(42, 'Television', 'Nos.', 'Office Equipements', 0),
(43, 'Tiles', 'Sq. Ft.', 'Tiles', 0);

-- --------------------------------------------------------

--
-- Table structure for table `material_group`
--

CREATE TABLE IF NOT EXISTS `material_group` (
`material_group_id` int(11) NOT NULL,
  `material_group` varchar(50) DEFAULT NULL,
  `mesunit_name` varchar(50) NOT NULL,
  `engineering_group` varchar(50) DEFAULT NULL
) ENGINE=InnoDB AUTO_INCREMENT=60 DEFAULT CHARSET=latin1;

--
-- Dumping data for table `material_group`
--

INSERT INTO `material_group` (`material_group_id`, `material_group`, `mesunit_name`, `engineering_group`) VALUES
(1, 'Civil Work', '', 'Civil & Waterproofing'),
(2, 'CP Sanatary', '', 'Plumbing - pumps'),
(3, 'Tiling work', '', 'Tiling & Stone work'),
(4, 'White Spotted Marble', '', 'Marble'),
(5, 'Marble', 'Sq. Ft.', 'Tiling & Stone work'),
(6, 'Door & Door Frames ', '', 'Carpentry & Furniture work'),
(7, 'Plywood, Sheets & Boards', '', 'Carpentry & Furniture work'),
(8, 'Building Material', '', 'Civil & Waterproofing'),
(9, 'Cement', 'Bags', 'Civil & Waterproofing'),
(10, 'RMC', '', 'Civil & Waterproofing'),
(11, 'Steel', '', 'Civil & Waterproofing'),
(12, 'Structural Steel', '', 'Grills & Fabrication'),
(13, 'Electrical Fixtures', '', 'Electrical'),
(14, 'Electrical Material', '', 'Electrical'),
(15, 'Adhesives & Grouts', '', 'Tiling & Stone work'),
(16, 'Chemicals', '', 'Civil & Waterproofing'),
(17, 'Admixtures', '', 'Civil & Waterproofing'),
(18, 'Water Proofing Material', '', 'Civil & Waterproofing'),
(19, 'Fuels & Lubricants', '', 'Miscellaneous'),
(20, 'Paints', '', 'Painting'),
(21, 'Plumbing Fixtures', '', 'Plumbing - pumps'),
(22, 'CP Fittings', '', 'Plumbing - pumps'),
(23, 'Gyser, Boilers', '', 'Plumbing - pumps'),
(24, 'Sanitary Ware', '', 'Plumbing - pumps'),
(25, 'Plumbing Material', '', 'Plumbing - pumps'),
(26, 'Pipe & Fitting', '', 'Plumbing - pumps'),
(27, 'Fire Equipements', '', 'Fire fighting'),
(28, 'Fire Pipes & Fitting', '', 'Fire fighting'),
(29, 'Fire Pumps', '', 'Fire fighting'),
(30, 'Fire Valves', '', 'Fire fighting'),
(31, 'Computers', 'Nos.', 'Miscellaneous'),
(32, 'Furniture', '', 'Miscellaneous'),
(33, 'Office Equipements', '', 'Miscellaneous'),
(34, 'Plant & Machinery', '', 'Equipement & Tools & Machinery'),
(35, 'Furnitures & Fixtures', '', 'Miscellaneous'),
(36, 'Grills & Covers', '', 'Grills & Fabrication'),
(37, 'POP & Gypsum, Putty & Neeru', '', 'POP & Gypsum'),
(38, 'Pumps Panel & DG Sets', '', 'Equipement & Tools & Machinery'),
(39, 'DG Sets & Invertors', '', 'Equipement & Tools & Machinery'),
(40, 'Panels', '', 'Electrical'),
(41, 'Pumps', '', 'Plumbing - pumps'),
(42, 'Security System', '', 'Miscellaneous'),
(43, 'Stationary', '', 'Carpentry & Furniture work'),
(44, 'STP', '', 'Civil & Waterproofing'),
(45, 'Tiles, Marbles, Granites & Stones', 'Sq. Ft.', 'Tiling & Stone work'),
(46, 'Granite ', '', 'Tiling & Stone work'),
(48, 'Paving Materials', '', 'Tiling & Stone work'),
(49, 'Stones', '', 'Tiling & Stone work'),
(50, 'Tiles', 'Sq. Ft.', 'Tiling & Stone work'),
(51, 'HVAC', '', 'HVAC'),
(52, 'Hardware Fixtures', '', 'Carpentry & Furniture work'),
(53, 'Door Accessories', '', 'Carpentry & Furniture work'),
(54, 'Door Closer & Floor Spring', '', 'Carpentry & Furniture work'),
(55, 'Locks', '', 'Carpentry & Furniture work'),
(56, 'Hardware Material  ', '', 'Carpentry & Furniture work'),
(57, 'Screw & Nails', '', 'Carpentry & Furniture work'),
(58, 'Health & Play Equipements', '', 'Carpentry & Furniture work'),
(59, 'Misc Hardware', 'Sq. Ft.', 'Carpentry & Furniture work');

-- --------------------------------------------------------

--
-- Table structure for table `measure_unit`
--

CREATE TABLE IF NOT EXISTS `measure_unit` (
`mu_id` int(50) NOT NULL,
  `mesunit_name` varchar(50) DEFAULT NULL
) ENGINE=InnoDB AUTO_INCREMENT=9 DEFAULT CHARSET=latin1;

--
-- Dumping data for table `measure_unit`
--

INSERT INTO `measure_unit` (`mu_id`, `mesunit_name`) VALUES
(1, 'Bags'),
(5, 'Brass'),
(3, 'Cubic Mtr'),
(7, 'Kg.'),
(6, 'Liters'),
(2, 'Nos.'),
(4, 'Sq. Ft.'),
(8, 'Tons');

-- --------------------------------------------------------

--
-- Table structure for table `payingcompany`
--

CREATE TABLE IF NOT EXISTS `payingcompany` (
`company_id` int(50) NOT NULL,
  `company_name` varchar(50) DEFAULT NULL,
  `company_add` varchar(255) DEFAULT NULL,
  `company_person` varchar(50) DEFAULT NULL,
  `company_designation` varchar(50) DEFAULT NULL,
  `company_mobileno` bigint(50) DEFAULT NULL,
  `company_office1` bigint(50) DEFAULT NULL,
  `company_email` varchar(255) DEFAULT NULL,
  `company_office2` bigint(50) DEFAULT NULL,
  `company_fax` bigint(50) DEFAULT NULL,
  `company_tinvatno` bigint(50) DEFAULT NULL,
  `company_panno` bigint(50) DEFAULT NULL,
  `company_website` varchar(255) DEFAULT NULL
) ENGINE=InnoDB AUTO_INCREMENT=15 DEFAULT CHARSET=latin1;

--
-- Dumping data for table `payingcompany`
--

INSERT INTO `payingcompany` (`company_id`, `company_name`, `company_add`, `company_person`, `company_designation`, `company_mobileno`, `company_office1`, `company_email`, `company_office2`, `company_fax`, `company_tinvatno`, `company_panno`, `company_website`) VALUES
(1, 'Options Developers & Builders', '10, Mithila shopping Center,JVPD Scheme, Vile Parle West, Mumbai             ', 'Mr. Pravin patel', 'Authorised Signatory', 919819456798, 0, '', 0, 0, 0, 0, ''),
(2, 'Krushmi Developers Pvt. Ltd', '1601, LABURANUM TOWER, MAHINDRAGARDEN, GOREGAON (W), MUMBAI-400062            ', 'Mr. Nishit patel', 'Director', 66715058, 0, '', 0, 0, 0, 0, ''),
(3, 'Lakshdeep Estates & Hotels (p) Ltd.', '	Arvind Colony, SV Road, Irla, Vile Parle (W), Mumbai	            ', 'Sweety', 'Authorised Signatory', 0, 0, '', 0, 0, 0, 0, ''),
(4, 'Option Clothing Co. Pvt. Ltd', '	10, Mithila Shopping center, Juhu, Vile-Parle (w)	            ', 'Mr. Ashraf', 'Authorised Signatory', 67101090, 0, '', 0, 0, 0, 0, ''),
(5, 'MGN Properties LLP', '10. Mithila Shopping Center, V M Road, Juhu Scheme, Mumbai-49		            ', 'Mr. Nishit patel', 'Authorised Signatory', 9819547777, 0, '', 0, 0, 0, 0, ''),
(6, 'La Magasis Premises Co-Operative Society Limited', '63, Swami Vivekanand Road, Santacruz (West), Mumbai-400054		            ', 'Mr. Pravin patel', 'Director', 9819456798, 0, '', 0, 0, 0, 0, ''),
(7, 'Options Infra Project Private Limited', '10, Mithila shopping Center,V.M. Road, Juhu Scheme, Vile Parle (W), Mumbai-49	            ', 'Mr. Pravin patel', 'Director', 9819456798, 0, '', 0, 0, 0, 0, ''),
(8, 'KRISH CONSTRUCTION', 'Flat NO. 2, SONA SHOPPING CENTER 31, HILL ROAD, BANDRA (WEST) MUMBAI-4000050		            ', 'Mr. NANJIBHI', 'Director', 9819428277, 0, '', 0, 0, 0, 0, ''),
(9, 'APACE REALTY', 'Plot No.30, Jeevandeep Apartment, Station Road, Ambernath (E)-421501		            ', 'Mr. Nishit patel', 'Director', 9819547777, 0, '', 0, 0, 0, 0, ''),
(10, 'Shree Tirupati Construction', 'Office 10,Mithila Shopping Center, Ground Floor, V.M. Road, Juhu Scheme, Mumbai-49		            ', '61333333', 'Authorised Signatory', 22, 0, '', 0, 0, 0, 0, ''),
(11, 'NMD Real Estate LLP', '10, Mithila Shopping Center, Ground Floor, V.M. Raod, JVPD Scheme, Vileparle (W),Mumbai-400049		            ', 'Mr. Nishit patel', 'Director', 9819547777, 0, '', 0, 0, 0, 0, ''),
(12, 'Premiers Life Style Homes LLP', '10, Mithila Shopping Center, V.M. Road,JVPD Scheme, Mumbai-400049		            ', 'Mr. Patel', 'Director', 22261333333, 0, '', 0, 0, 0, 0, ''),
(13, 'Shree Tirupati Builders & Developers', '10, Mithila Shopping Center, VM Road, JVPD Scheme, Mumbai-49		            ', 'Mr. Nishit', 'Director', 2261333333, 0, '', 0, 0, 0, 0, ''),
(14, 'SAHAJ DEVELOPERS', '2/448, Jethawa Niwas, Dr. B.A. Road, Matunga, Mumbai-400019		            ', 'Mr. Nishit', 'Director', 2261333333, 0, '', 0, 0, 0, 0, '');

-- --------------------------------------------------------

--
-- Table structure for table `payment_mode`
--

CREATE TABLE IF NOT EXISTS `payment_mode` (
  `pay_mode` varchar(50) NOT NULL
) ENGINE=InnoDB DEFAULT CHARSET=latin1;

--
-- Dumping data for table `payment_mode`
--

INSERT INTO `payment_mode` (`pay_mode`) VALUES
('Cash'),
('Cheque'),
('RTGS');

-- --------------------------------------------------------

--
-- Table structure for table `purchase_advance`
--

CREATE TABLE IF NOT EXISTS `purchase_advance` (
`adv_id` int(50) NOT NULL,
  `adv_no` int(50) NOT NULL,
  `site` varchar(50) NOT NULL,
  `supplier` varchar(50) NOT NULL,
  `po_no` varchar(50) NOT NULL,
  `po_date` varchar(50) NOT NULL,
  `date` varchar(50) NOT NULL,
  `amount` bigint(50) NOT NULL,
  `pre_adv_out_amt` bigint(50) NOT NULL,
  `tot_adv_out_amt` bigint(50) NOT NULL,
  `remarks` varchar(250) NOT NULL
) ENGINE=InnoDB DEFAULT CHARSET=latin1;

-- --------------------------------------------------------

--
-- Table structure for table `purchase_bill_details`
--

CREATE TABLE IF NOT EXISTS `purchase_bill_details` (
`bill_id` int(11) NOT NULL,
  `bill_no` int(11) NOT NULL,
  `bill_date` varchar(50) NOT NULL,
  `bill_amount` bigint(20) NOT NULL,
  `cert_no` int(11) NOT NULL,
  `run_no` int(11) NOT NULL,
  `run_id` int(50) NOT NULL,
  `challan_no` varchar(50) NOT NULL,
  `units` varchar(50) NOT NULL,
  `quantity` varchar(50) NOT NULL,
  `site` varchar(50) NOT NULL,
  `supplier` varchar(50) NOT NULL
) ENGINE=InnoDB AUTO_INCREMENT=20 DEFAULT CHARSET=latin1;

--
-- Dumping data for table `purchase_bill_details`
--

INSERT INTO `purchase_bill_details` (`bill_id`, `bill_no`, `bill_date`, `bill_amount`, `cert_no`, `run_no`, `run_id`, `challan_no`, `units`, `quantity`, `site`, `supplier`) VALUES
(1, 1, '', 231, 1, 2, 2, '', '', '', 'Agnes Villa', 'Ambuja Cement Pvt. Ltd.'),
(2, 1, '', 231, 1, 3, 3, '', '', '', 'Agnes Villa', 'Ambuja Cement Pvt. Ltd.'),
(3, 1, '', 231, 1, 4, 4, '', '', '', 'Agnes Villa', 'Ambuja Cement Pvt. Ltd.'),
(4, 2, '', 123, 2, 1, 5, '', '', '', 'Agnes Villa', 'Ambuja Cement Pvt. Ltd.'),
(5, 3, '', 3433, 3, 1, 6, '', '', '', 'Agnes Villa', 'Ambuja Cement Pvt. Ltd.'),
(6, 4, '', 3434, 4, 1, 7, '', '', '', 'Agnes Villa', 'Ambuja Cement Pvt. Ltd.'),
(7, 6, '', 456, 5, 1, 8, '', '', '', 'Agnes Villa', 'Ambuja Cement Pvt. Ltd.'),
(8, 5, '', 343, 6, 1, 9, '', '', '', 'Agnes Villa', 'Ambuja Cement Pvt. Ltd.'),
(9, 7, '', 5465, 7, 1, 10, '', '', '', 'Agnes Villa', 'Ambuja Cement Pvt. Ltd.'),
(10, 7, '', 5465, 7, 2, 11, '', '', '', 'Agnes Villa', 'Ambuja Cement Pvt. Ltd.'),
(11, 7, '', 5465, 7, 3, 12, '', '', '', 'Agnes Villa', 'Ambuja Cement Pvt. Ltd.'),
(12, 7, '', 5465, 7, 4, 13, '', '', '', 'Agnes Villa', 'Ambuja Cement Pvt. Ltd.'),
(13, 7, '', 5465, 7, 5, 14, '', '', '', 'Agnes Villa', 'Ambuja Cement Pvt. Ltd.'),
(14, 8, '', 233, 8, 1, 15, '', '', '', 'Agnes Villa', 'Ambuja Cement Pvt. Ltd.'),
(15, 1, '', 32432, 9, 1, 16, '', '', '', 'Dattey Bhavan ', 'Real Ceramics'),
(16, 1, '', 32432, 9, 2, 17, '', '', '', 'Dattey Bhavan ', 'Real Ceramics'),
(17, 8, '', 233, 8, 2, 18, '', '', '', 'Agnes Villa', 'Ambuja Cement Pvt. Ltd.'),
(18, 10, '', 1123, 10, 1, 19, '', '', '', 'Agnes Villa', 'Ambuja Cement Pvt. Ltd.'),
(19, 1, '', 32432, 9, 3, 20, '', '', '', 'Dattey Bhavan ', 'Real Ceramics');

-- --------------------------------------------------------

--
-- Table structure for table `purchase_certificate`
--

CREATE TABLE IF NOT EXISTS `purchase_certificate` (
  `cert_no` bigint(20) NOT NULL,
  `cert_date` varchar(50) NOT NULL,
  `site` varchar(50) NOT NULL,
  `supplier` varchar(50) NOT NULL
) ENGINE=InnoDB DEFAULT CHARSET=latin1;

--
-- Dumping data for table `purchase_certificate`
--

INSERT INTO `purchase_certificate` (`cert_no`, `cert_date`, `site`, `supplier`) VALUES
(1, '10-02-2016', 'Agnes Villa', 'Ambuja Cement Pvt. Ltd.'),
(2, '10-02-2016', 'Agnes Villa', 'Ambuja Cement Pvt. Ltd.'),
(3, '10-02-2016', 'Agnes Villa', 'Ambuja Cement Pvt. Ltd.'),
(4, '10-02-2016', 'Agnes Villa', 'Ambuja Cement Pvt. Ltd.'),
(5, '10-02-2016', 'Agnes Villa', 'Ambuja Cement Pvt. Ltd.'),
(6, '10-02-2016', 'Agnes Villa', 'Ambuja Cement Pvt. Ltd.'),
(7, '10-02-2016', 'Agnes Villa', 'Ambuja Cement Pvt. Ltd.'),
(8, '10-02-2016', 'Agnes Villa', 'Ambuja Cement Pvt. Ltd.'),
(9, '10-02-2016', 'Dattey Bhavan ', 'Real Ceramics'),
(10, '10-02-2016', 'Agnes Villa', 'Ambuja Cement Pvt. Ltd.');

-- --------------------------------------------------------

--
-- Table structure for table `purchase_certificate_final_run`
--

CREATE TABLE IF NOT EXISTS `purchase_certificate_final_run` (
`cert_final_run_id` int(50) NOT NULL,
  `cert_no` bigint(50) NOT NULL,
  `site` varchar(50) NOT NULL,
  `supplier` varchar(50) NOT NULL,
  `run_id` int(50) NOT NULL,
  `status` varchar(50) NOT NULL,
  `stream` varchar(50) NOT NULL,
  `type` varchar(50) NOT NULL,
  `number` int(50) NOT NULL
) ENGINE=InnoDB AUTO_INCREMENT=11 DEFAULT CHARSET=latin1;

--
-- Dumping data for table `purchase_certificate_final_run`
--

INSERT INTO `purchase_certificate_final_run` (`cert_final_run_id`, `cert_no`, `site`, `supplier`, `run_id`, `status`, `stream`, `type`, `number`) VALUES
(1, 1, 'Agnes Villa', 'Ambuja Cement Pvt. Ltd.', 4, 'open', 'running', 'R', 1),
(2, 2, 'Agnes Villa', 'Ambuja Cement Pvt. Ltd.', 5, 'open', 'running', 'R', 2),
(3, 3, 'Agnes Villa', 'Ambuja Cement Pvt. Ltd.', 6, 'open', 'running', 'R', 3),
(4, 4, 'Agnes Villa', 'Ambuja Cement Pvt. Ltd.', 7, 'open', 'running', 'R', 4),
(5, 5, 'Agnes Villa', 'Ambuja Cement Pvt. Ltd.', 8, 'open', 'running', 'R', 5),
(6, 6, 'Agnes Villa', 'Ambuja Cement Pvt. Ltd.', 9, 'open', 'running', 'R', 6),
(7, 7, 'Agnes Villa', 'Ambuja Cement Pvt. Ltd.', 14, 'open', 'running', 'R', 7),
(8, 8, 'Agnes Villa', 'Ambuja Cement Pvt. Ltd.', 18, 'open', 'running', 'R', 8),
(9, 9, 'Dattey Bhavan ', 'Real Ceramics', 20, 'open', 'running', 'R', 1),
(10, 10, 'Agnes Villa', 'Ambuja Cement Pvt. Ltd.', 19, 'open', 'running', 'R', 9);

-- --------------------------------------------------------

--
-- Table structure for table `purchase_final_run`
--

CREATE TABLE IF NOT EXISTS `purchase_final_run` (
`purchase_final_run_id` int(50) NOT NULL,
  `site` varchar(50) NOT NULL,
  `supplier` varchar(50) NOT NULL,
  `final_run_id` int(50) NOT NULL
) ENGINE=InnoDB AUTO_INCREMENT=3 DEFAULT CHARSET=latin1;

--
-- Dumping data for table `purchase_final_run`
--

INSERT INTO `purchase_final_run` (`purchase_final_run_id`, `site`, `supplier`, `final_run_id`) VALUES
(1, 'Agnes Villa', 'Ambuja Cement Pvt. Ltd.', 19),
(2, 'Dattey Bhavan ', 'Real Ceramics', 20);

-- --------------------------------------------------------

--
-- Table structure for table `purchase_retention`
--

CREATE TABLE IF NOT EXISTS `purchase_retention` (
`retention_id` int(50) NOT NULL,
  `site` varchar(50) NOT NULL,
  `supplier` varchar(50) NOT NULL,
  `retention_amount` bigint(50) NOT NULL,
  `status` varchar(50) NOT NULL
) ENGINE=InnoDB AUTO_INCREMENT=21 DEFAULT CHARSET=latin1;

--
-- Dumping data for table `purchase_retention`
--

INSERT INTO `purchase_retention` (`retention_id`, `site`, `supplier`, `retention_amount`, `status`) VALUES
(1, 'Agnes Villa', 'Ambuja Cement Pvt. Ltd.', 0, 'edited'),
(2, 'Agnes Villa', 'Ambuja Cement Pvt. Ltd.', 0, 'edited'),
(3, 'Agnes Villa', 'Ambuja Cement Pvt. Ltd.', 0, 'edited'),
(4, 'Agnes Villa', 'Ambuja Cement Pvt. Ltd.', 0, 'open'),
(5, 'Agnes Villa', 'Ambuja Cement Pvt. Ltd.', 0, 'open'),
(6, 'Agnes Villa', 'Ambuja Cement Pvt. Ltd.', 0, 'open'),
(7, 'Agnes Villa', 'Ambuja Cement Pvt. Ltd.', 0, 'open'),
(8, 'Agnes Villa', 'Ambuja Cement Pvt. Ltd.', 0, 'open'),
(9, 'Agnes Villa', 'Ambuja Cement Pvt. Ltd.', 0, 'open'),
(10, 'Agnes Villa', 'Ambuja Cement Pvt. Ltd.', 0, 'edited'),
(11, 'Agnes Villa', 'Ambuja Cement Pvt. Ltd.', 0, 'edited'),
(12, 'Agnes Villa', 'Ambuja Cement Pvt. Ltd.', 0, 'edited'),
(13, 'Agnes Villa', 'Ambuja Cement Pvt. Ltd.', 0, 'edited'),
(14, 'Agnes Villa', 'Ambuja Cement Pvt. Ltd.', 0, 'open'),
(15, 'Agnes Villa', 'Ambuja Cement Pvt. Ltd.', 0, 'edited'),
(16, 'Dattey Bhavan ', 'Real Ceramics', 0, 'edited'),
(17, 'Dattey Bhavan ', 'Real Ceramics', 0, 'edited'),
(18, 'Agnes Villa', 'Ambuja Cement Pvt. Ltd.', 0, 'open'),
(19, 'Agnes Villa', 'Ambuja Cement Pvt. Ltd.', 0, 'open'),
(20, 'Dattey Bhavan ', 'Real Ceramics', 0, 'open');

-- --------------------------------------------------------

--
-- Table structure for table `purchase_run`
--

CREATE TABLE IF NOT EXISTS `purchase_run` (
`run_id` int(50) NOT NULL,
  `cert_no` varchar(50) NOT NULL,
  `run_num` int(50) NOT NULL,
  `run_date` varchar(50) NOT NULL
) ENGINE=InnoDB AUTO_INCREMENT=21 DEFAULT CHARSET=latin1;

--
-- Dumping data for table `purchase_run`
--

INSERT INTO `purchase_run` (`run_id`, `cert_no`, `run_num`, `run_date`) VALUES
(1, '1', 1, '10-02-2016'),
(2, '1', 2, '10-02-2016'),
(3, '1', 3, '10-02-2016'),
(4, '1', 4, '10-02-2016'),
(5, '2', 1, '10-02-2016'),
(6, '3', 1, '10-02-2016'),
(7, '4', 1, '10-02-2016'),
(8, '5', 1, '10-02-2016'),
(9, '6', 1, '10-02-2016'),
(10, '7', 1, '10-02-2016'),
(11, '7', 2, '10-02-2016'),
(12, '7', 3, '10-02-2016'),
(13, '7', 4, '10-02-2016'),
(14, '7', 5, '10-02-2016'),
(15, '8', 1, '10-02-2016'),
(16, '9', 1, '10-02-2016'),
(17, '9', 2, '10-02-2016'),
(18, '8', 2, '10-02-2016'),
(19, '10', 1, '10-02-2016'),
(20, '9', 3, '10-02-2016');

-- --------------------------------------------------------

--
-- Table structure for table `purchase_running`
--

CREATE TABLE IF NOT EXISTS `purchase_running` (
`purchase_run_id` int(50) NOT NULL,
  `run_id` int(50) NOT NULL,
  `run_type` varchar(50) NOT NULL,
  `run_no` int(50) NOT NULL,
  `po_no` varchar(50) NOT NULL,
  `po_amount` varchar(100) NOT NULL,
  `amt_cert_now` varchar(50) NOT NULL,
  `pay_now` varchar(50) NOT NULL,
  `date` varchar(50) NOT NULL,
  `site` varchar(50) NOT NULL,
  `retention_id` int(11) NOT NULL,
  `supplier` varchar(50) NOT NULL,
  `material_group` varchar(50) NOT NULL,
  `total_quantity` varchar(50) NOT NULL,
  `quantity_unit` varchar(50) NOT NULL,
  `no_of_auth_ssm` mediumint(50) NOT NULL,
  `no_of_auth_ss` mediumint(50) NOT NULL,
  `no_of_auth_s` mediumint(50) NOT NULL,
  `total_amt_to_supplier` varchar(50) NOT NULL,
  `total_bill_amt` varchar(50) NOT NULL,
  `total_quantity_supplied` varchar(50) NOT NULL,
  `total_retained_amt` varchar(50) NOT NULL,
  `remarks` varchar(250) NOT NULL,
  `due_date` varchar(50) NOT NULL,
  `payment_mode` varchar(50) NOT NULL,
  `amount_adjusted` varchar(50) NOT NULL,
  `advance_outstanding` varchar(50) NOT NULL,
  `total_incl_this_cert_amt` varchar(50) NOT NULL,
  `previous_amount` varchar(50) NOT NULL,
  `previous_advance_outstanding` varchar(50) NOT NULL,
  `total_prev_cert_amt` varchar(50) NOT NULL
) ENGINE=InnoDB AUTO_INCREMENT=21 DEFAULT CHARSET=latin1;

--
-- Dumping data for table `purchase_running`
--

INSERT INTO `purchase_running` (`purchase_run_id`, `run_id`, `run_type`, `run_no`, `po_no`, `po_amount`, `amt_cert_now`, `pay_now`, `date`, `site`, `retention_id`, `supplier`, `material_group`, `total_quantity`, `quantity_unit`, `no_of_auth_ssm`, `no_of_auth_ss`, `no_of_auth_s`, `total_amt_to_supplier`, `total_bill_amt`, `total_quantity_supplied`, `total_retained_amt`, `remarks`, `due_date`, `payment_mode`, `amount_adjusted`, `advance_outstanding`, `total_incl_this_cert_amt`, `previous_amount`, `previous_advance_outstanding`, `total_prev_cert_amt`) VALUES
(1, 1, 'R', 1, '', '', '10000', '10000', '10-02-2016', 'Agnes Villa', 1, 'Ambuja Cement Pvt. Ltd.', 'Cement', '100', 'Bags', 0, 0, 0, '', '213', '0', '', '', '', 'Cheque', '', '', '10000', '0', '', ''),
(2, 2, 'R', 2, '', '', '10000', '10000', '10-02-2016', 'Agnes Villa', 2, 'Ambuja Cement Pvt. Ltd.', 'Cement', '110', 'Bags', 0, 0, 0, '', '231', '0', '', '', '', 'Cash', '', '', '10000', '0', '', ''),
(3, 3, 'R', 3, '', '', '10000', '10000', '10-02-2016', 'Agnes Villa', 3, 'Ambuja Cement Pvt. Ltd.', 'Cement', '120', 'Bags', 0, 0, 0, '', '231', '100', '', '', '', 'Cash', '', '', '10000', '0', '', ''),
(4, 4, 'R', 4, '', '', '10000', '10000', '10-02-2016', 'Agnes Villa', 4, 'Ambuja Cement Pvt. Ltd.', 'Cement', '130', 'Bags', 0, 0, 0, '', '231', '210', '', '', '', 'Cash', '', '', '10000', '0', '', ''),
(5, 5, 'R', 2, '', '', '20000', '20000', '10-02-2016', 'Agnes Villa', 5, 'Ambuja Cement Pvt. Ltd.', 'Cement', '200', 'Bags', 1, 1, 1, '10000', '123', '460', '0', '', '', 'Cash', '', '', '30000', '10000', '', '10000'),
(6, 6, 'R', 3, '', '', '30000', '30000', '10-02-2016', 'Agnes Villa', 6, 'Ambuja Cement Pvt. Ltd.', 'Cement', '300', 'Bags', 2, 2, 2, '30000', '3433', '660', '0', '', '', 'Cheque', '', '', '60000', '20000', '', '30000'),
(7, 7, 'R', 4, '', '', '40000', '40000', '10-02-2016', 'Agnes Villa', 7, 'Ambuja Cement Pvt. Ltd.', 'Cement', '', 'Bags', 3, 3, 3, '60000', '3434', '960', '0', '', '', 'Cash', '', '', '100000', '30000', '', '60000'),
(8, 8, 'R', 0, '', '', '50000', '50000', '10-02-2016', 'Agnes Villa', 8, 'Ambuja Cement Pvt. Ltd.', 'Cement', '500', 'Bags', 4, 4, 4, '100000', '456', '960', '0', '', '', 'Cheque', '', '', '150000', '40000', '', '100000'),
(9, 9, 'R', 0, '', '', '60000', '60000', '10-02-2016', 'Agnes Villa', 9, 'Ambuja Cement Pvt. Ltd.', 'Cement', '600', 'Bags', 5, 5, 5, '150000', '343', '1460', '0', '', '', 'Cash', '', '', '210000', '50000', '', '150000'),
(10, 10, 'R', 1, '', '', '70000', '70000', '10-02-2016', 'Agnes Villa', 10, 'Ambuja Cement Pvt. Ltd.', 'Cement', '700', 'Bags', 6, 6, 6, '210000', '5465', '2060', '0', '', '', 'Cheque', '', '', '280000', '60000', '', '210000'),
(11, 11, 'R', 2, '', '', '70000', '70000', '10-02-2016', 'Agnes Villa', 11, 'Ambuja Cement Pvt. Ltd.', 'Cement', '710', 'Bags', 6, 6, 6, '210000', '5465', '1960', '0', '', '', 'Cheque', '', '', '280000', '60000', '', ''),
(12, 12, 'R', 3, '', '', '70000', '70000', '10-02-2016', 'Agnes Villa', 12, 'Ambuja Cement Pvt. Ltd.', 'Cement', '720', 'Bags', 6, 6, 6, '210000', '5465', '2450', '0', '', '', 'Cheque', '', '', '280000', '60000', '', ''),
(13, 13, 'R', 4, '', '', '70000', '70000', '10-02-2016', 'Agnes Villa', 13, 'Ambuja Cement Pvt. Ltd.', 'Cement', '730', 'Bags', 6, 6, 6, '210000', '5465', '3050', '0', '', '', 'Cheque', '', '', '280000', '60000', '', ''),
(14, 14, 'R', 5, '', '', '70000', '70000', '10-02-2016', 'Agnes Villa', 14, 'Ambuja Cement Pvt. Ltd.', 'Cement', '740', 'Bags', 6, 6, 6, '210000', '5465', '4060', '0', '', '', 'Cheque', '', '', '280000', '60000', '', ''),
(15, 15, 'R', 1, '', '', '80000', '80000', '10-02-2016', 'Agnes Villa', 15, 'Ambuja Cement Pvt. Ltd.', 'Cement', '800', 'Bags', 7, 7, 7, '280000', '233', '5660', '0', '', '', 'Cash', '', '', '360000', '70000', '', '280000'),
(16, 16, 'R', 1, '', '', '5000', '5000', '10-02-2016', 'Dattey Bhavan ', 16, 'Real Ceramics', 'Chemicals', '50', '', 0, 0, 0, '', '32432', '0', '', '', '', 'Cash', '', '', '5000', '0', '', ''),
(17, 17, 'R', 2, '', '', '5000', '5000', '10-02-2016', 'Dattey Bhavan ', 17, 'Real Ceramics', 'Chemicals', '40', '', 0, 0, 0, '', '32432', '0', '', '', '', 'Cash', '', '', '5000', '0', '', ''),
(18, 18, 'R', 2, '', '', '80000', '80000', '10-02-2016', 'Agnes Villa', 18, 'Ambuja Cement Pvt. Ltd.', 'Cement', '810', 'Bags', 7, 7, 7, '280000', '233', '4860', '0', '', '', 'Cash', '', '', '360000', '70000', '', ''),
(19, 19, 'R', 1, '', '', '910', '910', '10-02-2016', 'Agnes Villa', 19, 'Ambuja Cement Pvt. Ltd.', 'Cement', '900', 'Bags', 8, 8, 8, '360000', '1123', '7270', '0', '', '', 'Cheque', '', '', '360910', '80000', '', '360000'),
(20, 20, 'R', 2, '', '', '5000', '5000', '10-02-2016', 'Dattey Bhavan ', 20, 'Real Ceramics', 'Chemicals', '60', '', 0, 0, 0, '', '32432', '50', '', '', '', 'Cash', '', '', '5000', '0', '', '');

-- --------------------------------------------------------

--
-- Table structure for table `record_final_run`
--

CREATE TABLE IF NOT EXISTS `record_final_run` (
`record_final_run_id` int(50) NOT NULL,
  `record_id` varchar(50) NOT NULL,
  `final_run_id` int(50) NOT NULL
) ENGINE=InnoDB AUTO_INCREMENT=88 DEFAULT CHARSET=latin1;

--
-- Dumping data for table `record_final_run`
--

INSERT INTO `record_final_run` (`record_final_run_id`, `record_id`, `final_run_id`) VALUES
(1, 'A0001', 0),
(2, 'A0002', 180),
(3, 'A0003', 0),
(4, 'A0004', 224),
(5, 'A0005', 225),
(6, 'A0006', 15),
(7, 'A0007', 219),
(8, 'A0008', 205),
(9, 'A0009', 19),
(10, 'A0010', 20),
(11, 'A0011', 24),
(12, 'A0012', 39),
(13, 'A0013', 32),
(14, 'A0014', 33),
(15, 'A0015', 34),
(16, 'A0016', 35),
(17, 'A0017', 0),
(18, 'A0018', 37),
(19, 'A0019', 38),
(20, 'A0020', 42),
(21, 'A0021', 0),
(22, 'A0022', 47),
(23, 'A0023', 54),
(24, 'A0024', 55),
(25, 'A0025', 220),
(26, 'A0026', 211),
(27, 'A0027', 121),
(28, 'A0028', 81),
(29, 'A0029', 75),
(30, 'A0030', 77),
(31, 'A0031', 144),
(32, 'A0032', 177),
(33, 'A0033', 107),
(34, 'A0034', 90),
(35, 'A0035', 162),
(36, 'A0036', 89),
(37, 'A0037', 114),
(38, 'A0038', 112),
(39, 'A0039', 94),
(40, 'A0040', 165),
(41, 'A0041', 223),
(42, 'A0042', 116),
(43, 'A0043', 101),
(44, 'A0044', 152),
(45, 'A0045', 176),
(46, 'A0047', 109),
(47, 'A0046', 214),
(48, 'A0048', 115),
(49, 'A0049', 117),
(50, 'A0050', 135),
(51, 'A0051', 134),
(52, 'A0052', 120),
(53, 'A0053', 123),
(54, 'A0054', 124),
(55, 'A0055', 126),
(56, 'A0056', 140),
(57, 'A0057', 171),
(58, 'A0058', 139),
(59, 'A0059', 142),
(60, 'A0060', 143),
(61, 'A0061', 149),
(62, 'A0062', 184),
(63, 'A0063', 155),
(64, 'A0064', 156),
(65, 'A0065', 158),
(66, 'A0066', 159),
(67, 'A0067', 164),
(68, 'A0068', 213),
(69, 'A0069', 173),
(70, 'A0070', 178),
(71, 'A0071', 179),
(72, 'A0072', 185),
(73, 'A0073', 186),
(74, 'A0074', 187),
(75, 'A0075', 189),
(76, 'A0076', 192),
(77, 'A0077', 193),
(78, 'A0078', 194),
(79, 'A0079', 197),
(80, 'A0080', 217),
(81, 'A0081', 201),
(82, 'A0082', 204),
(83, 'A0083', 212),
(84, 'A0084', 215),
(85, 'A0085', 222),
(86, 'A0086', 227),
(87, 'A0087', 229);

-- --------------------------------------------------------

--
-- Table structure for table `record_id`
--

CREATE TABLE IF NOT EXISTS `record_id` (
`record_id_id` int(11) NOT NULL,
  `record_id` varchar(50) NOT NULL,
  `site_name` varchar(50) NOT NULL DEFAULT '',
  `con_name` varchar(50) NOT NULL DEFAULT '',
  `engineering_group` varchar(50) NOT NULL DEFAULT '',
  `work` varchar(50) NOT NULL DEFAULT '',
  `stream` varchar(50) NOT NULL,
  `lock_in` varchar(10) DEFAULT NULL
) ENGINE=InnoDB AUTO_INCREMENT=93 DEFAULT CHARSET=latin1;

--
-- Dumping data for table `record_id`
--

INSERT INTO `record_id` (`record_id_id`, `record_id`, `site_name`, `con_name`, `engineering_group`, `work`, `stream`, `lock_in`) VALUES
(61, 'A0060', 'Dattey Bhavan ', 'Aaryan Structon Pvt. Ltd.', 'Miscellaneous', 'Fees for Consultancy / Professional Charges', 'running', 'no'),
(42, 'A0041', 'Dattey Bhavan ', 'AG Consultants', 'Miscellaneous', 'Fees for Consultancy / Professional Charges', 'interim', '0'),
(41, 'A0040', 'Dattey Bhavan ', 'AG Consultants', 'Miscellaneous', 'Liaisoning Charges', 'interim', '0'),
(31, 'A0031', 'Dattey Bhavan ', 'Asif Bangi', 'Miscellaneous', 'Advance for site expenses', 'advanced', '0'),
(36, 'A0035', 'Dattey Bhavan ', 'Asif Bangi', 'Miscellaneous', 'Site Expenses', 'running', 'yes'),
(51, 'A0050', 'Dattey Bhavan ', 'Change Advertising', 'Miscellaneous', 'Advertisement', 'running', 'yes'),
(69, 'A0067', 'Dattey Bhavan ', 'Concretech India', 'Civil & Waterproofing', 'Building Material', 'running', 'yes'),
(38, 'A0037', 'Dattey Bhavan ', 'D.K. Transport', 'Civil & Waterproofing', 'Tranportation of Debris & Rabit', 'running', 'yes'),
(39, 'A0038', 'Dattey Bhavan ', 'D.K. Transport', 'Equipement & Tools & Machinery', 'Hire Charges (Machinery & Equipements)', 'running', 'yes'),
(34, 'A0034', 'Dattey Bhavan ', 'Dr. P.S. Ramkrishna', 'Miscellaneous', 'Fees for Consultancy / Professional Charges', 'running', 'no'),
(52, 'A0051', 'Dattey Bhavan ', 'Earth Advertising Pvt. Ltd.', 'Miscellaneous', 'Advertisement', 'running', 'yes'),
(33, 'A0033', 'Dattey Bhavan ', 'Encom Infrastructure', 'Civil & Waterproofing', 'Piling Work (Labour)', 'interim', '0'),
(74, 'A0071', 'Dattey Bhavan ', 'Enlab Associates ', 'Miscellaneous', 'Fees for Consultancy / Professional Charges', 'running', 'no'),
(45, 'A0044', 'Dattey Bhavan ', 'First Economy Private Limited', 'Miscellaneous', 'Advertisement', 'running', 'yes'),
(32, 'A0032', 'Dattey Bhavan ', 'Geocon International Pvt. Ltd.', 'Miscellaneous', 'Fees for Consultancy / Professional Charges', 'running', 'no'),
(37, 'A0036', 'Dattey Bhavan ', 'Graphic Innovators India Private Limited', 'Miscellaneous', 'Advertisement', 'running', 'yes'),
(86, 'A0081', 'Dattey Bhavan ', 'Hira Print Solutions Pvt. Ltd.', 'Miscellaneous', 'Advertisement', 'running', 'no'),
(46, 'A0045', 'Dattey Bhavan ', 'Inndus Cards & Gifts', 'Miscellaneous', 'Advertisement', 'running', 'yes'),
(53, 'A0052', 'Dattey Bhavan ', 'Jay Bharat Electric Works', 'Equipement & Tools & Machinery', 'Hire Charges (Machinery & Equipements)', 'running', 'yes'),
(44, 'A0043', 'Dattey Bhavan ', 'Jyoti Drilling', 'Equipement & Tools & Machinery', 'Hire Charges (Machinery & Equipements)', 'running', 'yes'),
(70, 'A0068', 'Dattey Bhavan ', 'Kamlesh Changlani', 'Miscellaneous', 'Site Expenses', 'running', 'yes'),
(66, 'A0065', 'Dattey Bhavan ', 'Lafarge India Pvt. Ltd.', 'Civil & Waterproofing', 'Building Material', 'running', 'yes'),
(28, 'A0028', 'Dattey Bhavan ', 'M.G. Gosavi ', 'Miscellaneous', 'Surveying', 'running', 'yes'),
(73, 'A0070', 'Dattey Bhavan ', 'Mohd. Jahid Ayub Shaikh', 'Civil & Waterproofing', 'Tranportation of Debris & Rabit', 'running', 'yes'),
(58, 'A0057', 'Dattey Bhavan ', 'Neev Infrastructure Pvt Ltd', 'Civil & Waterproofing', 'Building Material', 'running', 'yes'),
(30, 'A0030', 'Dattey Bhavan ', 'Nilesh Constructions ', 'Miscellaneous', 'Fees for Consultancy / Professional Charges', 'advanced', '0'),
(29, 'A0029', 'Dattey Bhavan ', 'Nilesh Constructions ', 'Miscellaneous', 'Miscellaneous Works', 'running', 'yes'),
(56, 'A0055', 'Dattey Bhavan ', 'Nilesh Constructions ', 'Plumbing - pumps', 'Charges for Water Connection', 'running', 'no'),
(40, 'A0039', 'Dattey Bhavan ', 'Omkar Enterprise', 'Plumbing - pumps', 'Drainage Work', 'running', 'no'),
(63, 'A0062', 'Dattey Bhavan ', 'PACEINDIA Infrastructure ', 'Civil & Waterproofing', 'Main Civil', 'interim', '0'),
(60, 'A0059', 'Dattey Bhavan ', 'Protech Solutions', 'Equipement & Tools & Machinery', 'maintenance of Equipements', 'running', 'yes'),
(57, 'A0056', 'Dattey Bhavan ', 'RMC Ready Mix India(A Division of Prism Cement Lim', 'Civil & Waterproofing', 'Building Material', 'running', 'yes'),
(65, 'A0064', 'Dattey Bhavan ', 'Ruby Enterprises', 'Civil & Waterproofing', 'Building Material', 'running', 'yes'),
(55, 'A0054', 'Dattey Bhavan ', 'Rupesh Gawade ', 'Civil & Waterproofing', 'Excavation work', 'running', 'no'),
(49, 'A0048', 'Dattey Bhavan ', 'S.S Electric Company', 'Electrical', 'Electrical Works', 'running', 'no'),
(54, 'A0053', 'Dattey Bhavan ', 'Samarth Constructions', 'Civil & Waterproofing', 'Excavation work', 'running', 'no'),
(72, 'A0069', 'Dattey Bhavan ', 'Sarvoday Enterprises', 'Civil & Waterproofing', 'Main Civil', 'running', 'no'),
(64, 'A0063', 'Dattey Bhavan ', 'Shree Sainath Transport', 'Civil & Waterproofing', 'Building Material', 'running', 'yes'),
(59, 'A0058', 'Dattey Bhavan ', 'Skyway RMC Plants Pvt. Ltd.', 'Civil & Waterproofing', 'Building Material', 'running', 'yes'),
(43, 'A0042', 'Dattey Bhavan ', 'SONANI INDUSTRIES', 'Grills & Fabrication', 'Labour for Fabrication work', 'running', 'no'),
(62, 'A0061', 'Dattey Bhavan ', 'Sparkle Events & Exibitions ', 'Miscellaneous', 'Advertisement', 'running', 'yes'),
(27, 'A0027', 'Dattey Bhavan ', 'Supreme Manpower Services', 'Miscellaneous', 'Security Services ', 'running', 'yes'),
(47, 'A0046', 'Dattey Bhavan ', 'Vaishnav Security Services', 'Miscellaneous', 'Security Services ', 'running', 'yes'),
(67, 'A0066', 'Dattey Bhavan ', 'Vandana Nagari Seva Sahakari Sanstha Ltd.', 'Miscellaneous', 'Pest Treatment', 'running', 'yes'),
(50, 'A0049', 'Dattey Bhavan ', 'Vijas Graphics Pvt. :td.', 'Miscellaneous', 'Advertisement', 'running', 'yes'),
(77, 'A0074', 'Elysium', 'Mahadev Borewell Services', 'Miscellaneous', 'Borewell Drilling', 'running', 'yes'),
(48, 'A0047', 'Elysium', 'Perfect Geotechnics Pvt. Ltd.', 'Civil & Waterproofing', 'Soil Investigation', 'running', 'no'),
(2, 'A0002', 'Elysium', 'Suraj Kedare', 'Miscellaneous', 'Advance for site expenses', 'advanced', '0'),
(78, 'A0075', 'Elysium', 'Waterwise Systems ', 'Miscellaneous', 'Borewell Drilling', 'running', 'yes'),
(13, 'A0013', 'Elysium (A&B wing)', 'Atul Kudtarkar & Associates', 'Miscellaneous', 'Fees for Consultancy / Professional Charges', 'interim', '0'),
(6, 'A0006', 'Elysium (A&B wing)', 'CHIRAG ENTERPRISES', 'Plumbing - pumps', 'Labour for plumbing work ', 'running', 'no'),
(4, 'A0004', 'Elysium (A&B wing)', 'Expert Construction', 'Civil & Waterproofing', 'Main Labour', 'interim', '0'),
(24, 'A0024', 'Elysium (A&B wing)', 'Gayatri water Suppliers', 'Miscellaneous', 'Water Supply in Tanker', 'running', 'yes'),
(75, 'A0072', 'Elysium (A&B wing)', 'Geeta Laminates', 'Carpentry & Furniture work', 'Wood/ Plywood/ Material', 'running', 'yes'),
(18, 'A0018', 'Elysium (A&B wing)', 'Kulswamini Prasana Building Material Supplier', 'Civil & Waterproofing', 'Tranportation of Debris & Rabit', 'running', 'yes'),
(25, 'A0025', 'Elysium (A&B wing)', 'Kulswamini Prasana Building Material Supplier', 'Equipement & Tools & Machinery', 'Hire Charges (Machinery & Equipements)', 'running', 'yes'),
(79, 'A0076', 'Elysium (A&B wing)', 'M. M. Enterprises', 'Electrical', 'Labour of Electrical Works', 'interim', '0'),
(11, 'A0011', 'Elysium (A&B wing)', 'Siskom Infotech Pvt. Ltd', 'Equipement & Tools & Machinery', 'Office Equipments', 'running', 'no'),
(12, 'A0012', 'Elysium (A&B wing)', 'Suraj Kedare', 'Miscellaneous', 'Site Expenses', 'running', 'yes'),
(76, 'A0073', 'Elysium (A&B wing)', 'Zeba Timber Traders', 'Carpentry & Furniture work', 'Wood/ Plywood/ Material', 'running', 'yes'),
(14, 'A0014', 'Elysium (C&D wing)', 'Atul Kudtarkar & Associates', 'Miscellaneous', 'Fees for Consultancy / Professional Charges', 'interim', '0'),
(5, 'A0005', 'Elysium (C&D wing)', 'Expert Construction', 'Civil & Waterproofing', 'Main Labour', 'interim', '0'),
(23, 'A0023', 'Elysium (C&D wing)', 'Gayatri water Suppliers', 'Miscellaneous', 'Water Supply in Tanker', 'running', 'yes'),
(20, 'A0020', 'Elysium (C&D wing)', 'Inndus Cards & Gifts', 'Miscellaneous', 'Advertisement', 'running', 'no'),
(10, 'A0010', 'Elysium (C&D wing)', 'Jayesh Water Suppliers', 'Miscellaneous', 'Water Supply in Tanker', 'running', 'yes'),
(19, 'A0019', 'Elysium (C&D wing)', 'Kulswamini Prasana Building Material Supplier', 'Equipement & Tools & Machinery', 'Hire Charges (Machinery & Equipements)', 'running', 'yes'),
(80, 'A0077', 'Elysium (C&D wing)', 'M. M. Enterprises', 'Electrical', 'Labour of Electrical Works', 'interim', '0'),
(16, 'A0016', 'Elysium (C&D wing)', 'Shri Krishna Enterprises', 'Equipement & Tools & Machinery', 'Hire Charges (Machinery & Equipements)', 'running', 'yes'),
(7, 'A0007', 'Elysium (C&D wing)', 'Suraj Kedare', 'Miscellaneous', 'Site Expenses', 'running', 'yes'),
(88, 'A0083', 'Elysium (Infra)', 'APS Facility Services', 'Miscellaneous', 'Housekeeping Work', 'running', 'yes'),
(89, 'A0084', 'Elysium (Infra)', 'APS Facility Services', 'Miscellaneous', 'Security Services ', 'running', 'yes'),
(26, 'A0026', 'Elysium (Infra)', 'Bharat Pest Treatments', 'Miscellaneous', 'Pest Treatment', 'running', 'yes'),
(90, 'A0085', 'Elysium (Infra)', 'CHIRAG ENTERPRISES', 'Plumbing - pumps', 'Plumbing Work', 'running', 'no'),
(85, 'A0080', 'Elysium (Infra)', 'Expert Construction', 'Civil & Waterproofing', 'Main Civil', 'running', 'no'),
(15, 'A0015', 'Elysium (Infra)', 'S. VIJAYAN SAKKARPANI ', 'Painting', 'Painting', 'running', 'no'),
(81, 'A0078', 'Elysium (Infra)', 'S.M. Engineers', 'HVAC', 'Airconditioning Equipment', 'running', 'yes'),
(84, 'A0079', 'Elysium (Infra)', 'S.M. Engineers', 'HVAC', 'HVAC Work', 'interim', '0'),
(87, 'A0082', 'Elysium (Infra)', 'Saheblal Vishwakarma', 'Carpentry & Furniture work', 'Labour for Carpentry work', 'running', 'no'),
(9, 'A0009', 'Elysium (Infra)', 'Samar Security Pvt. Ltd.', 'Miscellaneous', 'Security Services ', 'running', 'yes'),
(92, 'A0087', 'Elysium (Infra)', 'SONANI INDUSTRIES', 'Aluminium Windows & glazing work', 'Aluminium Windows Work', 'running', 'no'),
(91, 'A0086', 'Elysium (Infra)', 'SONANI INDUSTRIES', 'Grills & Fabrication', 'Fabrication & Erection of Canopy / Roof Structure', 'running', 'no'),
(8, 'A0008', 'Elysium (Infra)', 'Task Facility Services', 'Miscellaneous', 'Security Services ', 'running', 'yes'),
(22, 'A0022', 'Elysium (Infra)', 'TRACER Security Systems', 'Equipement & Tools & Machinery', 'Installation of CCTV / Video Door Phone', 'running', 'no');

-- --------------------------------------------------------

--
-- Table structure for table `release_of_retention_details`
--

CREATE TABLE IF NOT EXISTS `release_of_retention_details` (
`ror_id` int(50) NOT NULL,
  `run_id` int(50) NOT NULL,
  `ror_type` varchar(50) NOT NULL,
  `ror_no` int(50) NOT NULL,
  `record_id` varchar(50) NOT NULL,
  `amt_cert_now` bigint(50) NOT NULL,
  `retained_amt_left` bigint(50) NOT NULL,
  `write_off` bigint(50) NOT NULL,
  `status` varchar(50) NOT NULL,
  `pay_now` bigint(50) NOT NULL,
  `payment_mode` varchar(50) NOT NULL,
  `date` varchar(50) NOT NULL,
  `remarks` varchar(255) NOT NULL,
  `previous_date` varchar(50) NOT NULL,
  `previous_type` varchar(50) NOT NULL,
  `previous_no` int(50) NOT NULL,
  `previous_amount` bigint(50) NOT NULL,
  `retained_amount` bigint(50) NOT NULL
) ENGINE=InnoDB AUTO_INCREMENT=4 DEFAULT CHARSET=latin1;

--
-- Dumping data for table `release_of_retention_details`
--

INSERT INTO `release_of_retention_details` (`ror_id`, `run_id`, `ror_type`, `ror_no`, `record_id`, `amt_cert_now`, `retained_amt_left`, `write_off`, `status`, `pay_now`, `payment_mode`, `date`, `remarks`, `previous_date`, `previous_type`, `previous_no`, `previous_amount`, `retained_amount`) VALUES
(1, 166, 'L', 1, 'A0033', 250000, 0, 0, 'open', 250000, 'Cheque', '27-11-2015', 'Immediate', '0', '0', 0, 0, 250000),
(2, 230, 'L', 1, 'A0080', 60000, 0, 0, 'open', 60000, 'Cash', '04-02-2016', '', '0', '0', 0, 0, 60000),
(3, 231, 'L', 1, 'A0015', 2000, 0, 0, 'open', 2000, 'Cash', '04-02-2016', '', '0', '0', 0, 0, 2000);

-- --------------------------------------------------------

--
-- Table structure for table `release_record_final_run`
--

CREATE TABLE IF NOT EXISTS `release_record_final_run` (
`release_record_final_run_id` int(50) NOT NULL,
  `record_id` varchar(100) NOT NULL,
  `final_run_id` int(50) NOT NULL
) ENGINE=InnoDB AUTO_INCREMENT=4 DEFAULT CHARSET=latin1;

--
-- Dumping data for table `release_record_final_run`
--

INSERT INTO `release_record_final_run` (`release_record_final_run_id`, `record_id`, `final_run_id`) VALUES
(1, 'A0033', 166),
(2, 'A0080', 230),
(3, 'A0015', 231);

-- --------------------------------------------------------

--
-- Table structure for table `retention`
--

CREATE TABLE IF NOT EXISTS `retention` (
`retention_id` int(50) NOT NULL,
  `record_id` varchar(50) NOT NULL,
  `retention_amount` bigint(50) NOT NULL,
  `status` varchar(50) NOT NULL
) ENGINE=InnoDB AUTO_INCREMENT=25 DEFAULT CHARSET=latin1;

--
-- Dumping data for table `retention`
--

INSERT INTO `retention` (`retention_id`, `record_id`, `retention_amount`, `status`) VALUES
(0, '0', 0, 'edited'),
(1, 'A0003', 0, 'open'),
(2, 'A0006', 1500, 'edited'),
(3, 'A0007', 0, 'open'),
(4, 'A0007', 0, 'open'),
(5, 'A0006', 1500, 'open'),
(6, 'A0009', 0, 'open'),
(7, 'A0015', 2000, 'open'),
(8, 'A0020', 0, 'open'),
(9, 'A0030', 0, 'open'),
(10, 'A0034', 5618, 'edited'),
(11, 'A0036', 0, 'open'),
(12, 'A0034', 0, 'open'),
(13, 'A0045', 0, 'open'),
(14, 'A0033', 250000, 'open'),
(15, 'A0038', 0, 'open'),
(16, 'A0057', 0, 'open'),
(17, 'A0057', 0, 'open'),
(18, 'A0032', 0, 'open'),
(19, 'A0026', 0, 'open'),
(20, 'A0080', 60000, 'edited'),
(21, 'A0080', 60000, 'open'),
(22, 'A0085', 0, 'open'),
(23, 'A0086', 227281, 'open'),
(24, 'A0087', 0, 'open');

-- --------------------------------------------------------

--
-- Table structure for table `run`
--

CREATE TABLE IF NOT EXISTS `run` (
`run_id` int(50) NOT NULL,
  `cert_no` varchar(50) NOT NULL,
  `run_num` int(50) NOT NULL,
  `run_date` varchar(50) NOT NULL
) ENGINE=InnoDB AUTO_INCREMENT=232 DEFAULT CHARSET=latin1;

--
-- Dumping data for table `run`
--

INSERT INTO `run` (`run_id`, `cert_no`, `run_num`, `run_date`) VALUES
(1, '1', 1, '24-11-2015'),
(2, '2', 1, '24-11-2015'),
(3, '3', 1, '24-11-2015'),
(4, '4', 1, '24-11-2015'),
(5, '4', 2, '24-11-2015'),
(6, '5', 1, '24-11-2015'),
(7, '6', 1, '24-11-2015'),
(8, '7', 1, '24-11-2015'),
(9, '8', 1, '24-11-2015'),
(10, '9', 1, '24-11-2015'),
(11, '9', 2, '24-11-2015'),
(12, '10', 1, '24-11-2015'),
(13, '11', 1, '24-11-2015'),
(14, '11', 2, '24-11-2015'),
(15, '8', 2, '24-11-2015'),
(16, '12', 1, '24-11-2015'),
(17, '13', 1, '24-11-2015'),
(18, '14', 1, '24-11-2015'),
(19, '14', 2, '24-11-2015'),
(20, '15', 1, '24-11-2015'),
(21, '16', 1, '24-11-2015'),
(22, '17', 1, '24-11-2015'),
(23, '18', 1, '24-11-2015'),
(24, '19', 1, '24-11-2015'),
(25, '20', 1, '24-11-2015'),
(26, '21', 1, '24-11-2015'),
(27, '22', 1, '24-11-2015'),
(28, '23', 1, '24-11-2015'),
(29, '24', 1, '24-11-2015'),
(30, '25', 1, '24-11-2015'),
(31, '26', 1, '24-11-2015'),
(32, '27', 1, '24-11-2015'),
(33, '28', 1, '24-11-2015'),
(34, '29', 1, '24-11-2015'),
(35, '30', 1, '24-11-2015'),
(36, '31', 1, '24-11-2015'),
(37, '32', 1, '24-11-2015'),
(38, '33', 1, '24-11-2015'),
(39, '34', 1, '24-11-2015'),
(40, '35', 1, '24-11-2015'),
(41, '36', 1, '24-11-2015'),
(42, '36', 2, '24-11-2015'),
(43, '37', 1, '24-11-2015'),
(44, '38', 1, '24-11-2015'),
(45, '39', 1, '24-11-2015'),
(46, '40', 1, '24-11-2015'),
(47, '41', 1, '24-11-2015'),
(48, '42', 1, '24-11-2015'),
(49, '43', 1, '24-11-2015'),
(50, '44', 1, '24-11-2015'),
(51, '45', 1, '24-11-2015'),
(52, '46', 1, '24-11-2015'),
(53, '47', 1, '24-11-2015'),
(54, '48', 1, '24-11-2015'),
(55, '49', 1, '24-11-2015'),
(56, '50', 1, '24-11-2015'),
(57, '51', 1, '24-11-2015'),
(58, '52', 1, '24-11-2015'),
(59, '53', 1, '24-11-2015'),
(60, '54', 1, '24-11-2015'),
(61, '55', 1, '24-11-2015'),
(62, '56', 1, '24-11-2015'),
(63, '57', 1, '24-11-2015'),
(64, '58', 1, '24-11-2015'),
(65, '59', 1, '24-11-2015'),
(66, '60', 1, '24-11-2015'),
(67, '61', 1, '24-11-2015'),
(68, '62', 1, '24-11-2015'),
(69, '63', 1, '24-11-2015'),
(70, '64', 1, '25-11-2015'),
(71, '65', 1, '25-11-2015'),
(72, '66', 1, '25-11-2015'),
(73, '67', 1, '25-11-2015'),
(74, '68', 1, '25-11-2015'),
(75, '69', 1, '25-11-2015'),
(76, '70', 1, '25-11-2015'),
(77, '71', 1, '25-11-2015'),
(78, '72', 1, '25-11-2015'),
(79, '73', 1, '25-11-2015'),
(80, '74', 1, '25-11-2015'),
(81, '75', 1, '25-11-2015'),
(82, '76', 1, '25-11-2015'),
(83, '77', 1, '25-11-2015'),
(84, '78', 1, '25-11-2015'),
(85, '79', 1, '25-11-2015'),
(86, '80', 1, '25-11-2015'),
(87, '81', 1, '25-11-2015'),
(88, '82', 1, '25-11-2015'),
(89, '82', 2, '25-11-2015'),
(90, '78', 2, '25-11-2015'),
(91, '83', 1, '25-11-2015'),
(92, '84', 1, '25-11-2015'),
(93, '85', 1, '25-11-2015'),
(94, '86', 1, '25-11-2015'),
(95, '87', 1, '25-11-2015'),
(96, '88', 1, '25-11-2015'),
(97, '89', 1, '25-11-2015'),
(98, '90', 1, '25-11-2015'),
(99, '91', 1, '25-11-2015'),
(100, '92', 1, '25-11-2015'),
(101, '93', 1, '25-11-2015'),
(102, '94', 1, '25-11-2015'),
(103, '95', 1, '25-11-2015'),
(104, '96', 1, '25-11-2015'),
(105, '96', 2, '25-11-2015'),
(106, '97', 1, '25-11-2015'),
(107, '98', 1, '26-11-2015'),
(108, '99', 1, '26-11-2015'),
(109, '100', 1, '26-11-2015'),
(110, '101', 1, '26-11-2015'),
(111, '102', 1, '26-11-2015'),
(112, '102', 2, '26-11-2015'),
(113, '103', 1, '26-11-2015'),
(114, '104', 1, '26-11-2015'),
(115, '105', 1, '26-11-2015'),
(116, '106', 1, '26-11-2015'),
(117, '107', 1, '26-11-2015'),
(118, '108', 1, '26-11-2015'),
(119, '109', 1, '26-11-2015'),
(120, '110', 1, '26-11-2015'),
(121, '111', 1, '26-11-2015'),
(122, '112', 1, '26-11-2015'),
(123, '113', 1, '26-11-2015'),
(124, '114', 1, '26-11-2015'),
(125, '115', 1, '26-11-2015'),
(126, '116', 1, '26-11-2015'),
(127, '117', 1, '26-11-2015'),
(128, '118', 1, '26-11-2015'),
(129, '119', 1, '26-11-2015'),
(130, '120', 1, '26-11-2015'),
(131, '121', 1, '26-11-2015'),
(132, '122', 1, '26-11-2015'),
(133, '123', 1, '26-11-2015'),
(134, '124', 1, '26-11-2015'),
(135, '125', 1, '26-11-2015'),
(136, '126', 1, '26-11-2015'),
(137, '127', 1, '26-11-2015'),
(138, '128', 1, '26-11-2015'),
(139, '129', 1, '26-11-2015'),
(140, '130', 1, '26-11-2015'),
(141, '131', 1, '26-11-2015'),
(142, '132', 1, '26-11-2015'),
(143, '133', 1, '26-11-2015'),
(144, '134', 1, '26-11-2015'),
(145, '135', 1, '26-11-2015'),
(146, '136', 1, '27-11-2015'),
(147, '137', 1, '27-11-2015'),
(148, '137', 2, '27-11-2015'),
(149, '138', 1, '27-11-2015'),
(150, '139', 1, '27-11-2015'),
(151, '140', 1, '27-11-2015'),
(152, '141', 1, '27-11-2015'),
(153, '142', 1, '27-11-2015'),
(154, '143', 1, '27-11-2015'),
(155, '144', 1, '27-11-2015'),
(156, '145', 1, '27-11-2015'),
(157, '146', 1, '27-11-2015'),
(158, '147', 1, '27-11-2015'),
(159, '148', 1, '27-11-2015'),
(160, '149', 1, '27-11-2015'),
(161, '150', 1, '27-11-2015'),
(162, '151', 1, '27-11-2015'),
(163, '152', 1, '27-11-2015'),
(164, '153', 1, '27-11-2015'),
(165, '154', 1, '27-11-2015'),
(166, '155', 1, '27-11-2015'),
(167, '156', 1, '27-11-2015'),
(168, '157', 1, '27-11-2015'),
(169, '158', 1, '27-11-2015'),
(170, '159', 1, '27-11-2015'),
(171, '159', 2, '27-11-2015'),
(172, '160', 1, '27-11-2015'),
(173, '161', 1, '27-11-2015'),
(174, '162', 1, '27-11-2015'),
(175, '163', 1, '27-11-2015'),
(176, '164', 1, '27-11-2015'),
(177, '74', 2, '01-12-2015'),
(178, '165', 1, '01-12-2015'),
(179, '166', 1, '01-12-2015'),
(180, '167', 1, '02-12-2015'),
(181, '168', 1, '04-12-2015'),
(182, '169', 1, '04-12-2015'),
(183, '170', 1, '09-12-2015'),
(184, '171', 1, '09-12-2015'),
(185, '172', 1, '10-12-2015'),
(186, '173', 1, '10-12-2015'),
(187, '174', 1, '10-12-2015'),
(188, '175', 1, '10-12-2015'),
(189, '176', 1, '10-12-2015'),
(190, '177', 1, '11-12-2015'),
(191, '178', 1, '11-12-2015'),
(192, '179', 1, '14-12-2015'),
(193, '180', 1, '14-12-2015'),
(194, '181', 1, '15-12-2015'),
(195, '182', 1, '15-12-2015'),
(196, '183', 1, '16-12-2015'),
(197, '184', 1, '17-12-2015'),
(198, '185', 1, '17-12-2015'),
(199, '186', 1, '21-12-2015'),
(200, '187', 1, '21-12-2015'),
(201, '188', 1, '21-12-2015'),
(202, '189', 1, '21-12-2015'),
(203, '190', 1, '21-12-2015'),
(204, '191', 1, '22-12-2015'),
(205, '192', 1, '24-12-2015'),
(206, '187', 2, '29-12-2015'),
(207, '193', 1, '30-12-2015'),
(208, '189', 2, '30-12-2015'),
(209, '194', 1, '30-12-2015'),
(210, '195', 1, '30-12-2015'),
(211, '193', 2, '30-12-2015'),
(212, '196', 1, '06-01-2016'),
(213, '197', 1, '06-01-2016'),
(214, '198', 1, '06-01-2016'),
(215, '199', 1, '08-01-2016'),
(216, '185', 2, '09-01-2016'),
(217, '185', 3, '09-01-2016'),
(218, '200', 1, '11-01-2016'),
(219, '201', 1, '11-01-2016'),
(220, '202', 1, '13-01-2016'),
(221, '203', 1, '14-01-2016'),
(222, '203', 2, '16-01-2016'),
(223, '204', 1, '19-01-2016'),
(224, '205', 1, '21-01-2016'),
(225, '206', 1, '21-01-2016'),
(226, '207', 1, '28-01-2016'),
(227, '208', 1, '28-01-2016'),
(228, '209', 1, '28-01-2016'),
(229, '209', 2, '29-01-2016'),
(230, '210', 1, '04-02-2016'),
(231, '211', 1, '04-02-2016');

-- --------------------------------------------------------

--
-- Table structure for table `running_details`
--

CREATE TABLE IF NOT EXISTS `running_details` (
`run_det_id` int(50) NOT NULL,
  `run_id` int(50) NOT NULL,
  `record_id` varchar(50) NOT NULL,
  `run_type` varchar(50) NOT NULL,
  `run_no` varchar(50) NOT NULL,
  `amt_cert_now` bigint(50) NOT NULL,
  `total_incl_this_cert_amt` bigint(50) NOT NULL,
  `pay_now` bigint(50) NOT NULL,
  `payment_mode` varchar(50) NOT NULL,
  `date` varchar(50) NOT NULL,
  `deb_type` varchar(50) NOT NULL,
  `remarks` varchar(255) NOT NULL,
  `retention_id` varchar(50) NOT NULL,
  `debit` bigint(50) NOT NULL,
  `duration_from` varchar(50) NOT NULL,
  `duration_to` varchar(50) NOT NULL,
  `previous_date` varchar(50) NOT NULL,
  `previous_type` varchar(50) NOT NULL,
  `previous_no` varchar(50) NOT NULL,
  `previous_amount` bigint(50) NOT NULL,
  `previous_other_agencies` varchar(50) NOT NULL,
  `prev_from` varchar(50) NOT NULL,
  `prev_to` varchar(50) NOT NULL,
  `paying_company` varchar(50) NOT NULL
) ENGINE=InnoDB AUTO_INCREMENT=173 DEFAULT CHARSET=latin1;

--
-- Dumping data for table `running_details`
--

INSERT INTO `running_details` (`run_det_id`, `run_id`, `record_id`, `run_type`, `run_no`, `amt_cert_now`, `total_incl_this_cert_amt`, `pay_now`, `payment_mode`, `date`, `deb_type`, `remarks`, `retention_id`, `debit`, `duration_from`, `duration_to`, `previous_date`, `previous_type`, `previous_no`, `previous_amount`, `previous_other_agencies`, `prev_from`, `prev_to`, `paying_company`) VALUES
(1, 1, 'A0001', 'R', '1', 48600, 48600, 48600, 'Cheque', '24-11-2015', '', 'Immediate ', '0', 0, '0', '0', '', '', '', 0, '0', '0', '0', 'APACE REALTY'),
(2, 4, 'A0003', 'R', '1', 217457, 217457, 217457, 'Cheque', '24-11-2015', '', 'Immediate ', '0', 0, '0', '0', '', '', '', 0, '48600', '0', '0', 'APACE REALTY'),
(3, 5, 'A0003', 'R', '1', 217457, 217457, 217457, 'Cheque', '24-11-2015', '', 'Immediate ', '1', 0, '0', '0', '', '', '', 0, '48600', '0', '0', 'APACE REALTY'),
(4, 6, 'A0003', 'R', '2', 212915, 430372, 212915, 'Cheque', '24-11-2015', '', 'Immediate ', '0', 0, '0', '0', '24-11-2015', 'R', '1', 217457, '48600', '0', '0', 'APACE REALTY'),
(5, 9, 'A0006', 'R', '1', 15351, 15351, 13851, 'Cheque', '24-11-2015', '', 'Immediate ', '2', 0, '0', '0', '', '', '', 0, '0', '0', '0', 'APACE REALTY'),
(6, 10, 'A0007', 'R', '1', 17651, 17651, 17651, 'Cash', '24-11-2015', '', 'Immediate ', '0', 0, '24/11/15', '24/11/15', '', '', '', 0, '0', '', '', 'APACE REALTY'),
(7, 11, 'A0007', 'R', '1', 17651, 17651, 17651, 'Cash', '24-11-2015', '', 'Immediate ', '3', 0, '01/12/14', '31/12/14', '', '', '', 0, '0', '', '', 'APACE REALTY'),
(8, 12, 'A0008', 'R', '1', 25825, 25825, 25825, 'Cheque', '24-11-2015', '', 'Immediate ', '0', 0, '13/03/15', '31/03/15', '', '', '', 0, '0', '', '', 'APACE REALTY'),
(9, 13, 'A0007', 'R', '2', 4513, 22164, 4513, 'Cash', '24-11-2015', '', 'Immediate ', '0', 0, '01/01/15', '31/01/15', '24-11-2015', 'R', '1', 17651, '0', '01/12/14', '31/12/14', 'APACE REALTY'),
(10, 14, 'A0007', 'R', '2', 4513, 22164, 4513, 'Cash', '24-11-2015', '', 'Immediate ', '4', 0, '01/01/15', '31/01/15', '24-11-2015', 'R', '1', 17651, '0', '01/12/14', '31/12/14', 'APACE REALTY'),
(11, 15, 'A0006', 'R', '1', 15351, 15351, 13851, 'Cheque', '24-11-2015', '', 'Immediate ', '5', 0, '0', '0', '', '', '', 0, '0', '0', '0', 'APACE REALTY'),
(12, 16, 'A0007', 'R', '3', 26466, 48630, 26466, 'Cash', '24-11-2015', '', 'Immediate ', '0', 0, '01.02.15', '28/02/15', '24-11-2015', 'R', '2', 4513, '0', '01/01/15', '31/01/15', 'APACE REALTY'),
(13, 17, 'A0009', 'R', '1', 12038, 12038, 12038, 'Cheque', '24-11-2015', '', 'Immediate ', '0', 0, '01/02/15', '28/02/15', '', '', '', 0, '25825', '', '', 'APACE REALTY'),
(14, 18, 'A0009', 'R', '2', 9243, 21281, 9243, 'Cheque', '24-11-2015', '', 'Immediate ', '0', 0, '01/03/15', '31/03/15', '24-11-2015', 'R', '1', 12038, '25825', '01/02/15', '28/02/15', 'APACE REALTY'),
(15, 19, 'A0009', 'R', '2', 9243, 21281, 9243, 'Cheque', '24-11-2015', '', 'Immediate ', '6', 0, '01/03/15', '31/03/15', '24-11-2015', 'R', '1', 12038, '25825', '01/02/15', '28/02/15', 'APACE REALTY'),
(16, 20, 'A0010', 'R', '1', 6400, 6400, 6400, 'Cheque', '24-11-2015', '', 'Immediate ', '0', 0, '24/12/14', '10/02/15', '', '', '', 0, '0', '', '', 'APACE REALTY'),
(17, 21, 'A0008', 'R', '2', 42500, 68325, 42500, 'Cheque', '24-11-2015', '', 'Immediate ', '0', 0, '01/04/15', '30/04/15', '24-11-2015', 'R', '1', 25825, '21281', '13/03/15', '31/03/15', 'APACE REALTY'),
(18, 22, 'A0007', 'R', '4', 12932, 61562, 12932, 'Cash', '24-11-2015', '', 'Immediate ', '0', 0, '01/03/15', '31/03/15', '24-11-2015', 'R', '3', 26466, '0', '01.02.15', '28/02/15', 'APACE REALTY'),
(19, 23, 'A0007', 'R', '5', 11244, 72806, 11244, 'Cash', '24-11-2015', '', 'Immediate ', '0', 0, '01/04/15', '30/04/15', '24-11-2015', 'R', '4', 12932, '0', '01/03/15', '31/03/15', 'APACE REALTY'),
(20, 24, 'A0011', 'R', '1', 6950, 6950, 6950, 'Cheque', '24-11-2015', '', 'Immediate ', '0', 0, '0', '0', '', '', '', 0, '0', '0', '0', 'APACE REALTY'),
(21, 25, 'A0007', 'R', '6', 18777, 91583, 18777, 'Cash', '24-11-2015', '', 'Immediate ', '0', 0, '01/05/15', '31/05/15', '24-11-2015', 'R', '5', 11244, '0', '01/04/15', '30/04/15', 'APACE REALTY'),
(22, 26, 'A0008', 'R', '3', 48931, 117256, 48931, 'Cheque', '24-11-2015', '', 'Immediate ', '0', 0, '01/05/15', '31/05/15', '24-11-2015', 'R', '2', 42500, '21281', '01/04/15', '30/04/15', 'APACE REALTY'),
(23, 29, 'A0007', 'R', '7', 27934, 119517, 27934, 'Cash', '24-11-2015', '', 'Immediate ', '0', 0, '01/06/15', '30/06/15', '24-11-2015', 'R', '6', 18777, '0', '01/05/15', '31/05/15', 'APACE REALTY'),
(24, 30, 'A0008', 'R', '4', 55575, 172831, 55575, 'Cheque', '24-11-2015', '', 'Immediate ', '0', 0, '01/06/15', '30/06/15', '24-11-2015', 'R', '3', 48931, '21281', '01/05/15', '31/05/15', 'APACE REALTY'),
(25, 31, 'A0012', 'R', '1', 17753, 17753, 17753, 'Cash', '24-11-2015', '', 'Immediate ', '0', 0, '01/07/15', '15/07/15', '', '', '', 0, '0', '', '', 'APACE REALTY'),
(26, 34, 'A0015', 'R', '1', 25803, 25803, 23803, 'Cheque', '24-11-2015', '', 'Immediate ', '7', 0, '0', '0', '', '', '', 0, '0', '0', '0', 'APACE REALTY'),
(27, 35, 'A0016', 'R', '1', 5600, 5600, 5600, 'Cheque', '24-11-2015', '', 'Immediate ', '0', 0, '04/06/15', '04/06/15', '', '', '', 0, '0', '', '', 'APACE REALTY'),
(28, 36, 'A0017', 'R', '1', 604800, 604800, 604800, 'Cheque', '24-11-2015', '', 'Due on 24.08.15', '0', 0, '0', '0', '', '', '', 0, '0', '0', '0', 'APACE REALTY'),
(29, 37, 'A0018', 'R', '1', 19797, 19797, 19797, 'Cheque', '24-11-2015', '', 'Immediate ', '0', 0, '17/06/15', '17/06/15', '', '', '', 0, '0', '', '', 'APACE REALTY'),
(30, 38, 'A0019', 'R', '1', 26600, 26600, 26600, 'Cheque', '24-11-2015', '', 'Immediate ', '0', 0, '17/06/15', '06/07/15', '', '', '', 0, '5600', '', '', 'APACE REALTY'),
(31, 39, 'A0012', 'R', '2', 17866, 35619, 17866, 'Cash', '24-11-2015', '', 'Immediate ', '0', 0, '16/07/15', '31/07/15', '24-11-2015', 'R', '1', 17753, '0', '01/07/15', '15/07/15', 'APACE REALTY'),
(32, 40, 'A0008', 'R', '5', 65918, 238749, 65918, 'Cheque', '24-11-2015', '', 'Immediate ', '0', 0, '01/07/15', '31/07/15', '24-11-2015', 'R', '4', 55575, '21281', '01/06/15', '30/06/15', 'APACE REALTY'),
(33, 41, 'A0020', 'R', '1', 1050, 1050, 1050, 'Cheque', '24-11-2015', '', 'Immediate ', '0', 0, '0', '0', '', '', '', 0, '0', '0', '0', 'APACE REALTY'),
(34, 42, 'A0020', 'R', '1', 1050, 1050, 1050, 'Cheque', '24-11-2015', '', 'Immediate ', '8', 0, '0', '0', '', '', '', 0, '0', '0', '0', 'APACE REALTY'),
(35, 44, 'A0021', 'R', '1', 306281, 306281, 306281, 'Cheque', '24-11-2015', '', 'Immediate ', '0', 0, '22/07/15', '25/07/15', '', '', '', 0, '604800', '', '', 'APACE REALTY'),
(36, 47, 'A0022', 'R', '1', 32302, 32302, 32302, 'Cheque', '24-11-2015', '', 'Immediate ', '0', 0, '0', '0', '', '', '', 0, '0', '0', '0', 'APACE REALTY'),
(37, 48, 'A0007', 'R', '8', 12488, 132005, 12488, 'Cash', '24-11-2015', '', 'Immediate ', '0', 0, '01/08/15', '31/08/15', '24-11-2015', 'R', '7', 27934, '0', '01/06/15', '30/06/15', 'APACE REALTY'),
(38, 51, 'A0008', 'R', '6', 64815, 303564, 64815, 'Cheque', '24-11-2015', '', 'Immediate ', '0', 0, '01/08/15', '31/08/15', '24-11-2015', 'R', '5', 65918, '21281', '01/07/15', '31/07/15', 'APACE REALTY'),
(39, 54, 'A0023', 'R', '1', 3200, 3200, 3200, 'Cheque', '24-11-2015', '', 'Immediate ', '0', 0, '30/07/15', '07/09/15', '', '', '', 0, '6400', '', '', 'APACE REALTY'),
(40, 55, 'A0024', 'R', '1', 1000, 1000, 1000, 'Cheque', '24-11-2015', '', 'Immediate ', '0', 0, '25/09/15', '25/09/15', '', '', '', 0, '0', '', '', 'APACE REALTY'),
(41, 56, 'A0008', 'R', '7', 64410, 367974, 64410, 'Cheque', '24-11-2015', '', 'Immediate ', '0', 0, '01/09/15', '30/09/15', '24-11-2015', 'R', '6', 64815, '21281', '01/08/15', '31/08/15', 'APACE REALTY'),
(42, 57, 'A0007', 'R', '9', 33992, 165997, 33992, 'Cash', '24-11-2015', '', 'Immediate ', '0', 0, '01/09/15', '21/09/15', '24-11-2015', 'R', '8', 12488, '0', '01/08/15', '31/08/15', 'APACE REALTY'),
(43, 58, 'A0025', 'R', '1', 70916, 70916, 70916, 'Cheque', '24-11-2015', '', 'Immediate ', '0', 0, '24/07/15', '07/09/15', '', '', '', 0, '0', '', '', 'APACE REALTY'),
(44, 61, 'A0026', 'R', '1', 10260, 10260, 10260, 'Cheque', '24-11-2015', '', 'Immediate ', '0', 0, '01/08/15', '31/08/15', '', '', '', 0, '0', '', '', 'APACE REALTY'),
(45, 62, 'A0026', 'R', '2', 6840, 17100, 6840, 'Cheque', '24-11-2015', '', 'Immediate ', '0', 0, '01/09/15', '30/09/15', '24-11-2015', 'R', '1', 10260, '0', '01/08/15', '31/08/15', 'APACE REALTY'),
(46, 63, 'A0026', 'R', '3', 6840, 23940, 6840, 'Cheque', '24-11-2015', '', 'Immediate ', '0', 0, '01/10/15', '31/10/15', '24-11-2015', 'R', '2', 6840, '0', '01/09/15', '30/09/15', 'APACE REALTY'),
(47, 64, 'A0008', 'R', '8', 63987, 431961, 63987, 'Cheque', '24-11-2015', '', 'Immediate ', '0', 0, '01/10/15', '31/10/15', '24-11-2015', 'R', '7', 64410, '21281', '01/09/15', '30/09/15', 'APACE REALTY'),
(48, 65, 'A0007', 'R', '10', 31427, 197424, 31427, 'Cash', '24-11-2015', '', 'Immediate ', '0', 0, '22/09/15', '30/09/15', '24-11-2015', 'R', '9', 33992, '0', '01/09/15', '21/09/15', 'APACE REALTY'),
(49, 68, 'A0007', 'R', '11', 16844, 214268, 16844, 'Cash', '24-11-2015', '', 'Immediate ', '0', 0, '01/10/15', '28/10/15', '24-11-2015', 'R', '10', 31427, '0', '22/09/15', '30/09/15', 'APACE REALTY'),
(50, 69, 'A0007', 'R', '12', 35701, 249969, 35701, 'Cash', '24-11-2015', '', 'Immediate ', '0', 0, '29/10/15', '31/10/15', '24-11-2015', 'R', '11', 16844, '0', '01/10/15', '28/10/15', 'APACE REALTY'),
(51, 72, 'A0007', 'R', '13', 38876, 288845, 38876, 'Cheque', '25-11-2015', '', 'Immediate ', '0', 0, '01/11/15', '15/11/15', '24-11-2015', 'R', '12', 35701, '0', '29/10/15', '31/10/15', 'APACE REALTY'),
(52, 73, 'A0027', 'R', '1', 16000, 16000, 16000, 'Cheque', '25-11-2015', '', 'Immediate ', '0', 0, '01/11/14', '30/11/14', '', '', '', 0, '0', '', '', 'Shree Tirupati Builders & Developers'),
(53, 74, 'A0028', 'R', '1', 15000, 15000, 15000, 'Cheque', '25-11-2015', '', 'Immediate ', '0', 0, '03/12/14', '03/12/14', '', '', '', 0, '0', '', '', 'Shree Tirupati Builders & Developers'),
(54, 75, 'A0029', 'R', '1', 8090, 8090, 8090, 'Cheque', '25-11-2015', '', 'Immediate ', '0', 0, '01/12/14', '01/12/14', '', '', '', 0, '0', '', '', 'Shree Tirupati Builders & Developers'),
(55, 78, 'A0027', 'R', '2', 17978, 33978, 17978, 'Cheque', '25-11-2015', '', 'Immediate ', '0', 0, '01/12/14', '31/12/14', '25-11-2015', 'R', '1', 16000, '0', '01/11/14', '30/11/14', 'Shree Tirupati Builders & Developers'),
(56, 80, 'A0032', 'R', '1', 22472, 22472, 22472, 'Cheque', '25-11-2015', '', 'Immediate ', '0', 0, '0', '0', '', '', '', 0, '270788', '0', '0', 'Shree Tirupati Builders & Developers'),
(57, 81, 'A0028', 'R', '2', 20000, 35000, 20000, 'Cheque', '25-11-2015', '', 'Immediate ', '0', 0, '12/03/15', '12/03/15', '25-11-2015', 'R', '1', 15000, '0', '03/12/14', '03/12/14', 'Shree Tirupati Builders & Developers'),
(58, 84, 'A0034', 'R', '1', 5618, 5618, 0, 'Cheque', '25-11-2015', '', 'Immediate ', '10', 0, '0', '0', '', '', '', 0, '293260', '0', '0', 'Shree Tirupati Builders & Developers'),
(59, 85, 'A0035', 'R', '1', 3695, 3695, 3695, 'Cash', '25-11-2015', '', 'Immediate ', '0', 0, '01/01/15', '31/03/15', '', '', '', 0, '0', '', '', 'Shree Tirupati Builders & Developers'),
(60, 86, 'A0027', 'R', '3', 16623, 50601, 16623, 'Cheque', '25-11-2015', '', 'Immediate ', '0', 0, '01/01/15', '31/01/15', '25-11-2015', 'R', '2', 17978, '0', '01/12/14', '31/12/14', 'Shree Tirupati Builders & Developers'),
(61, 87, 'A0027', 'R', '4', 17120, 67721, 17120, 'Cheque', '25-11-2015', '', 'Immediate ', '0', 0, '01/02/15', '28/02/15', '25-11-2015', 'R', '3', 16623, '0', '01/01/15', '31/01/15', 'Shree Tirupati Builders & Developers'),
(62, 88, 'A0036', 'R', '1', 264860, 264860, 264860, 'Cheque', '25-11-2015', '', 'Immediate ', '0', 0, '06/04/15', '06/04/15', '', '', '', 0, '0', '', '', 'Shree Tirupati Builders & Developers'),
(63, 89, 'A0036', 'R', '1', 264860, 264860, 264860, 'Cheque', '25-11-2015', '', 'Immediate ', '11', 0, '06/04/15', '06/04/15', '', '', '', 0, '0', '', '', 'Shree Tirupati Builders & Developers'),
(64, 90, 'A0034', 'R', '1', 5618, 5618, 5618, 'Cheque', '25-11-2015', '', 'Immediate ', '12', 0, '0', '0', '', '', '', 0, '293260', '0', '0', 'Shree Tirupati Builders & Developers'),
(65, 91, 'A0037', 'R', '1', 236600, 236600, 236600, 'Cheque', '25-11-2015', '', 'Immediate ', '0', 0, '27/02/15', '31/03/15', '', '', '', 0, '0', '', '', 'Shree Tirupati Builders & Developers'),
(66, 92, 'A0038', 'R', '1', 58125, 58125, 58125, 'Cheque', '25-11-2015', '', 'Immediate ', '0', 0, '05/03/15', '31/03/15', '', '', '', 0, '0', '', '', 'Shree Tirupati Builders & Developers'),
(67, 93, 'A0027', 'R', '5', 23596, 91317, 23596, 'Cheque', '25-11-2015', '', 'Immediate ', '0', 0, '01/03/15', '31/03/15', '25-11-2015', 'R', '4', 17120, '0', '01/02/15', '28/02/15', 'Shree Tirupati Builders & Developers'),
(68, 94, 'A0039', 'R', '1', 59550, 59550, 59550, 'Cheque', '25-11-2015', '', 'Immediate ', '0', 0, '0', '0', '', '', '', 0, '0', '0', '0', 'Shree Tirupati Builders & Developers'),
(69, 100, 'A0042', 'R', '1', 8090, 8090, 8090, 'Cheque', '25-11-2015', '', 'Immediate ', '0', 0, '0', '0', '', '', '', 0, '0', '0', '0', 'Shree Tirupati Builders & Developers'),
(70, 101, 'A0043', 'R', '1', 3937, 3937, 3937, 'Cheque', '25-11-2015', '', 'Immediate ', '0', 0, '10/03/15', '08/04/15', '', '', '', 0, '58125', '', '', 'Shree Tirupati Builders & Developers'),
(71, 102, 'A0042', 'R', '2', 2697, 10787, 2697, 'Cheque', '25-11-2015', '', 'Immediate ', '0', 0, '0', '0', '25-11-2015', 'R', '1', 8090, '0', '0', '0', 'Shree Tirupati Builders & Developers'),
(72, 103, 'A0044', 'R', '1', 176967, 176967, 176967, 'Cheque', '25-11-2015', '', 'Immediate ', '0', 0, '11/04/15', '11/04/15', '', '', '', 0, '264860', '', '', 'Shree Tirupati Builders & Developers'),
(73, 104, 'A0045', 'R', '1', 150360, 150360, 150360, 'Cheque', '25-11-2015', '', 'im', '0', 0, '15/04/15', '17/04/15', '', '', '', 0, '441827', '', '', 'Shree Tirupati Builders & Developers'),
(74, 105, 'A0045', 'R', '1', 150360, 150360, 150360, 'Cheque', '25-11-2015', '', 'Immediate ', '13', 0, '15/04/15', '17/04/15', '', '', '', 0, '441827', '', '', 'Shree Tirupati Builders & Developers'),
(75, 106, 'A0042', 'R', '3', 2697, 13484, 2697, 'Cheque', '25-11-2015', '', 'Immediate ', '0', 0, '0', '0', '25-11-2015', 'R', '2', 2697, '0', '0', '0', 'Shree Tirupati Builders & Developers'),
(76, 108, 'A0035', 'R', '2', 5522, 9217, 5522, 'Cash', '26-11-2015', '', 'Immediate ', '0', 0, '01/04/15', '30/04/15', '25-11-2015', 'R', '1', 3695, '0', '01/01/15', '31/03/15', 'Shree Tirupati Builders & Developers'),
(77, 109, 'A0047', 'R', '1', 591818, 591818, 591818, 'Cheque', '26-11-2015', '', 'Immediate ( 603896 (Total bill amount) - 48312 (Cheque return from Perfect Geo. to Goverdhan Developers)', '0', 0, '0', '0', '', '', '', 0, '0', '0', '0', 'APACE REALTY'),
(78, 110, 'A0046', 'R', '1', 16867, 16867, 16867, 'Cheque', '26-11-2015', '', 'Immediate ', '0', 0, '09/04/15', '30/04/15', '', '', '', 0, '91317', '', '', 'Shree Tirupati Builders & Developers'),
(79, 111, 'A0038', 'R', '2', 93800, 151925, 93800, 'Cheque', '26-11-2015', '', 'Immediate ', '0', 0, '04/04/15', '27/04/15', '25-11-2015', 'R', '1', 58125, '3937', '05/03/15', '31/03/15', 'Shree Tirupati Builders & Developers'),
(80, 112, 'A0038', 'R', '2', 93800, 151925, 93800, 'Cheque', '26-11-2015', '', 'Immediate ', '15', 0, '04/04/15', '27/04/15', '25-11-2015', 'R', '1', 58125, '3937', '05/03/15', '31/03/15', 'Shree Tirupati Builders & Developers'),
(81, 113, 'A0037', 'R', '2', 129400, 366000, 129400, 'Cheque', '26-11-2015', '', 'Immediate ', '0', 0, '01/04/15', '10/04/15', '25-11-2015', 'R', '1', 236600, '0', '27/02/15', '31/03/15', 'Shree Tirupati Builders & Developers'),
(82, 114, 'A0037', 'R', '3', 156400, 522400, 156400, 'Cheque', '26-11-2015', '', 'Immediate ', '0', 0, '12/04/15', '27/04/15', '26-11-2015', 'R', '2', 129400, '0', '01/04/15', '10/04/15', 'Shree Tirupati Builders & Developers'),
(83, 115, 'A0048', 'R', '1', 19932, 19932, 19932, 'Cheque', '26-11-2015', '', 'Immediate ', '0', 0, '0', '0', '', '', '', 0, '0', '0', '0', 'Shree Tirupati Builders & Developers'),
(84, 116, 'A0042', 'R', '4', 10787, 24271, 10787, 'Cheque', '26-11-2015', '', 'Immediate ', '0', 0, '0', '0', '25-11-2015', 'R', '3', 2697, '0', '0', '0', 'Shree Tirupati Builders & Developers'),
(85, 117, 'A0049', 'R', '1', 124740, 124740, 124740, 'Cheque', '26-11-2015', '', 'Immediate ', '0', 0, '18/04/15', '18/04/15', '', '', '', 0, '592187', '', '', 'Shree Tirupati Builders & Developers'),
(86, 118, 'A0050', 'R', '1', 158130, 158130, 158130, 'Cheque', '26-11-2015', '', 'Immediate ', '0', 0, '21/04/15', '21/04/15', '', '', '', 0, '716927', '', '', 'Shree Tirupati Builders & Developers'),
(87, 119, 'A0051', 'R', '1', 21152, 21152, 21152, 'Cheque', '26-11-2015', '', 'Immediate ', '0', 0, '21/04/15', '21/04/15', '', '', '', 0, '875057', '', '', 'Shree Tirupati Builders & Developers'),
(88, 120, 'A0052', 'R', '1', 6000, 6000, 6000, 'Cheque', '26-11-2015', '', 'Immediate ', '0', 0, '15/05/15', '15/05/15', '', '', '', 0, '155862', '', '', 'Shree Tirupati Builders & Developers'),
(89, 121, 'A0027', 'R', '6', 5600, 96917, 5600, 'Cheque', '26-11-2015', '', 'Immediate ', '0', 0, '01/04/15', '08/04/15', '25-11-2015', 'R', '5', 23596, '16867', '01/03/15', '31/03/15', 'Shree Tirupati Builders & Developers'),
(90, 122, 'A0035', 'R', '3', 9589, 18806, 9589, 'Cheque', '26-11-2015', '', 'Immediate ', '0', 0, '01/05/15', '31/05/15', '26-11-2015', 'R', '2', 5522, '0', '01/04/15', '30/04/15', 'Shree Tirupati Builders & Developers'),
(91, 123, 'A0053', 'R', '1', 550000, 550000, 550000, 'Cheque', '26-11-2015', '', 'Immediate', '0', 0, '0', '0', '', '', '', 0, '0', '0', '0', 'Shree Tirupati Builders & Developers'),
(92, 124, 'A0054', 'R', '1', 440000, 440000, 440000, 'Cheque', '26-11-2015', '', 'Immediate ', '0', 0, '0', '0', '', '', '', 0, '550000', '0', '0', 'Shree Tirupati Builders & Developers'),
(93, 125, 'A0046', 'R', '2', 42934, 59801, 42934, 'Cheque', '26-11-2015', '', 'Immediate ', '0', 0, '01/05/15', '31/05/15', '26-11-2015', 'R', '1', 16867, '96917', '09/04/15', '30/04/15', 'Shree Tirupati Builders & Developers'),
(94, 126, 'A0055', 'R', '1', 82080, 82080, 82080, 'Cheque', '26-11-2015', '', 'Immediate', '0', 0, '0', '0', '', '', '', 0, '0', '0', '0', 'Shree Tirupati Builders & Developers'),
(95, 127, 'A0045', 'R', '2', 4200, 154560, 4200, 'Cheque', '26-11-2015', '', 'Immediate', '0', 0, '06/05/15', '06/05/15', '25-11-2015', 'R', '1', 150360, '745849', '15/04/15', '17/04/15', 'Shree Tirupati Builders & Developers'),
(96, 128, 'A0056', 'R', '1', 16260, 16260, 16260, 'Cheque', '26-11-2015', '', 'Immediate', '0', 0, '04/05/15', '04/05/15', '', '', '', 0, '0', '', '', 'Shree Tirupati Builders & Developers'),
(97, 129, 'A0056', 'R', '2', 16260, 32520, 16260, 'Cheque', '26-11-2015', '', 'Immediate', '0', 0, '06/05/15', '06/05/15', '26-11-2015', 'R', '1', 16260, '0', '04/05/15', '04/05/15', 'Shree Tirupati Builders & Developers'),
(98, 130, 'A0057', 'R', '1', 17700, 17700, 17700, 'Cheque', '26-11-2015', '', 'Due on 15.07.15', '0', 0, '20/05/15', '20/05/15', '', '', '', 0, '32520', '', '', 'Shree Tirupati Builders & Developers'),
(99, 131, 'A0046', 'R', '3', 39330, 99131, 39330, 'Cheque', '26-11-2015', '', 'Immediate', '0', 0, '01/06/15', '30/06/15', '26-11-2015', 'R', '2', 42934, '96917', '01/05/15', '31/05/15', 'Shree Tirupati Builders & Developers'),
(100, 132, 'A0035', 'R', '4', 4186, 22992, 4186, 'Cash', '26-11-2015', '', 'Immediate', '0', 0, '01/06/15', '30/06/15', '26-11-2015', 'R', '3', 9589, '0', '01/05/15', '31/05/15', 'Shree Tirupati Builders & Developers'),
(101, 133, 'A0057', 'R', '2', 103650, 121350, 103650, 'Cheque', '26-11-2015', '', 'Due on 24.07.15', '0', 0, '07/06/15', '08/06/15', '26-11-2015', 'R', '1', 17700, '32520', '20/05/15', '20/05/15', 'Shree Tirupati Builders & Developers'),
(102, 134, 'A0051', 'R', '2', 21461, 42613, 21461, 'Cheque', '26-11-2015', '', 'Immediate', '0', 0, '29/06/15', '29/06/15', '26-11-2015', 'R', '1', 21152, '879257', '21/04/15', '21/04/15', 'Shree Tirupati Builders & Developers'),
(103, 135, 'A0050', 'R', '2', 171281, 329411, 171281, 'Cheque', '26-11-2015', '', 'Immediate', '0', 0, '29/06/15', '29/06/15', '26-11-2015', 'R', '1', 158130, '763740', '21/04/15', '21/04/15', 'Shree Tirupati Builders & Developers'),
(104, 137, 'A0058', 'R', '1', 154000, 154000, 154000, 'Cheque', '26-11-2015', '', 'Immediate', '0', 0, '26/05/15', '26/05/15', '', '', '', 0, '153870', '', '', 'Shree Tirupati Builders & Developers'),
(105, 138, 'A0058', 'R', '2', 99000, 253000, 99000, 'Cheque', '26-11-2015', '', 'Immediate', '0', 0, '30/05/15', '30/05/15', '26-11-2015', 'R', '1', 154000, '153870', '26/05/15', '26/05/15', 'Shree Tirupati Builders & Developers'),
(106, 139, 'A0058', 'R', '3', 247503, 500503, 247503, 'Cheque', '26-11-2015', '', 'Immediate', '0', 0, '09/06/15', '09/06/15', '26-11-2015', 'R', '2', 99000, '153870', '30/05/15', '30/05/15', 'Shree Tirupati Builders & Developers'),
(107, 140, 'A0056', 'R', '3', 49300, 81820, 49300, 'Cheque', '26-11-2015', '', 'Due on 29.07.15', '0', 0, '24/06/15', '25/06/15', '26-11-2015', 'R', '2', 16260, '621853', '06/05/15', '06/05/15', 'Shree Tirupati Builders & Developers'),
(108, 141, 'A0057', 'R', '3', 435963, 557313, 435963, 'Cheque', '26-11-2015', '', 'Due on 17.08.15', '0', 0, '14/06/15', '03/07/15', '26-11-2015', 'R', '2', 103650, '582323', '07/06/15', '08/06/15', 'Shree Tirupati Builders & Developers'),
(109, 142, 'A0059', 'R', '1', 2280, 2280, 2280, 'Cheque', '26-11-2015', '', 'Immediate', '0', 0, '01/08/15', '31/07/16', '', '', '', 0, '0', '', '', 'Shree Tirupati Builders & Developers'),
(110, 143, 'A0060', 'R', '1', 19152, 19152, 19152, 'Cheque', '26-11-2015', '', 'Immediate', '0', 0, '0', '0', '', '', '', 0, '1517443', '0', '0', 'Shree Tirupati Builders & Developers'),
(111, 145, 'A0046', 'R', '4', 34770, 133901, 34770, 'Cheque', '26-11-2015', '', 'Immediate', '0', 0, '01/07/15', '31/07/15', '26-11-2015', 'R', '3', 39330, '96917', '01/06/15', '30/06/15', 'Shree Tirupati Builders & Developers'),
(112, 146, 'A0035', 'R', '5', 7874, 30866, 7874, 'Cash', '27-11-2015', '', 'Immediate', '0', 0, '01/07/15', '31/07/15', '26-11-2015', 'R', '4', 4186, '0', '01/06/15', '30/06/15', 'Shree Tirupati Builders & Developers'),
(113, 147, 'A0057', 'R', '4', 108263, 665576, 108263, 'Cheque', '27-11-2015', '', '', '0', 0, '08/07/15', '21/07/15', '26-11-2015', 'R', '3', 435963, '582323', '14/06/15', '03/07/15', 'Shree Tirupati Builders & Developers'),
(114, 148, 'A0057', 'R', '4', 108263, 665576, 108263, 'Cheque', '27-11-2015', '', 'Due on 26.08.15', '16', 0, '08/07/15', '21/07/15', '26-11-2015', 'R', '3', 435963, '582323', '14/06/15', '03/07/15', 'Shree Tirupati Builders & Developers'),
(115, 149, 'A0061', 'R', '1', 6000, 6000, 6000, 'Cheque', '27-11-2015', '', 'Immediate', '0', 0, '17/04/15', '19/04/15', '', '', '', 0, '1093151', '', '', 'Shree Tirupati Builders & Developers'),
(116, 151, 'A0057', 'R', '5', 467876, 1133452, 467876, 'Cheque', '27-11-2015', '', 'Due on 11.09.15', '0', 0, '22/07/15', '05/08/15', '27-11-2015', 'R', '4', 108263, '582323', '08/07/15', '21/07/15', 'Shree Tirupati Builders & Developers'),
(117, 152, 'A0044', 'R', '2', 16712, 193679, 16712, 'Cheque', '27-11-2015', '', 'Immediate', '0', 0, '01/07/15', '01/07/15', '25-11-2015', 'R', '1', 176967, '922184', '11/04/15', '11/04/15', 'Shree Tirupati Builders & Developers'),
(118, 153, 'A0046', 'R', '5', 39330, 173231, 39330, 'Cheque', '27-11-2015', '', 'Immediate', '0', 0, '01/08/15', '31/08/15', '26-11-2015', 'R', '4', 34770, '96917', '01/07/15', '31/07/15', 'Shree Tirupati Builders & Developers'),
(119, 154, 'A0057', 'R', '6', 481326, 1614778, 481326, 'Cheque', '27-11-2015', '', 'Due on 27.09.15', '0', 0, '08/08/15', '21/08/15', '27-11-2015', 'R', '5', 467876, '582323', '22/07/15', '05/08/15', 'Shree Tirupati Builders & Developers'),
(120, 155, 'A0063', 'R', '1', 39078, 39078, 39078, 'Cheque', '27-11-2015', '', 'Immediate', '0', 0, '14/05/15', '30/06/15', '', '', '', 0, '2197101', '', '', 'Shree Tirupati Builders & Developers'),
(121, 156, 'A0064', 'R', '1', 61548, 61548, 61548, 'Cheque', '27-11-2015', '', 'Immediate', '0', 0, '14/05/15', '30/06/15', '', '', '', 0, '2236179', '', '', 'Shree Tirupati Builders & Developers'),
(122, 157, 'A0035', 'R', '6', 16709, 47575, 16709, 'Cash', '27-11-2015', '', 'Immediate', '0', 0, '01/08/15', '31/08/15', '27-11-2015', 'R', '5', 7874, '0', '01/07/15', '31/07/15', 'Shree Tirupati Builders & Developers'),
(123, 158, 'A0065', 'R', '1', 14750, 14750, 14750, 'Cheque', '27-11-2015', '', 'Due on 07.10.15', '0', 0, '25/08/15', '25/08/15', '', '', '', 0, '2297727', '', '', 'Shree Tirupati Builders & Developers'),
(124, 159, 'A0066', 'R', '1', 25000, 25000, 25000, 'Cheque', '27-11-2015', '', 'Immediate', '0', 0, '10/02/15', '10/02/15', '', '', '', 0, '0', '', '', 'Shree Tirupati Builders & Developers'),
(125, 161, 'A0046', 'R', '6', 39330, 212561, 39330, 'Cheque', '27-11-2015', '', 'Immediate', '0', 0, '01/09/15', '30/09/15', '27-11-2015', 'R', '5', 39330, '96917', '01/08/15', '31/08/15', 'Shree Tirupati Builders & Developers'),
(126, 162, 'A0035', 'R', '7', 10552, 58127, 10552, 'Cash', '27-11-2015', '', 'Immediate', '0', 0, '01/09/15', '30/09/15', '27-11-2015', 'R', '6', 16709, '0', '01/08/15', '31/08/15', 'Shree Tirupati Builders & Developers'),
(127, 163, 'A0057', 'R', '7', 92225, 1707003, 92225, 'Cheque', '27-11-2015', '', 'Due on 10.10.15', '0', 0, '22/08/15', '31/08/15', '27-11-2015', 'R', '6', 481326, '697699', '08/08/15', '21/08/15', 'Shree Tirupati Builders & Developers'),
(128, 164, 'A0067', 'R', '1', 74800, 74800, 74800, 'Cheque', '27-11-2015', '', 'Due on 02.10.15', '0', 0, '30/08/15', '30/08/15', '', '', '', 0, '2404702', '', '', 'Shree Tirupati Builders & Developers'),
(129, 169, 'A0046', 'R', '7', 39330, 251891, 39330, 'Cheque', '27-11-2015', '', 'Immediate', '0', 0, '01/10/15', '31/10/15', '27-11-2015', 'R', '6', 39330, '96917', '01/09/15', '30/09/15', 'Shree Tirupati Builders & Developers'),
(130, 170, 'A0057', 'R', '8', 11700, 1718703, 11700, 'Cheque', '27-11-2015', '', 'Due on 26.11.15', '0', 0, '27/11/15', '27/11/15', '27-11-2015', 'R', '7', 92225, '772499', '22/08/15', '31/08/15', 'Shree Tirupati Builders & Developers'),
(131, 171, 'A0057', 'R', '8', 11700, 1718703, 11700, 'Cheque', '27-11-2015', '', 'Due on 26.11.15', '17', 0, '08/10/15', '14/10/15', '27-11-2015', 'R', '7', 92225, '772499', '22/08/15', '31/08/15', 'Shree Tirupati Builders & Developers'),
(132, 172, 'A0068', 'R', '1', 10874, 10874, 10874, 'Cheque', '27-11-2015', '', 'Immediate', '0', 0, '01/10/15', '31/10/15', '', '', '', 0, '58127', '', '', 'Shree Tirupati Builders & Developers'),
(133, 173, 'A0069', 'R', '1', 811728, 811728, 811728, 'Cheque', '27-11-2015', '', 'Immediate', '0', 0, '0', '0', '', '', '', 0, '4082290', '0', '0', 'Shree Tirupati Builders & Developers'),
(134, 174, 'A0070', 'R', '1', 11400, 11400, 11400, 'Cheque', '27-11-2015', '', 'Immediate', '0', 0, '14/11/15', '18/11/15', '', '', '', 0, '522400', '', '', 'Shree Tirupati Builders & Developers'),
(135, 175, 'A0068', 'R', '2', 23930, 34804, 23930, 'Cash', '27-11-2015', '', 'Immediate', '0', 0, '01/11/15', '20/11/15', '27-11-2015', 'R', '1', 10874, '58127', '01/10/15', '31/10/15', 'Shree Tirupati Builders & Developers'),
(136, 176, 'A0045', 'R', '3', 40294, 194854, 40294, 'Cheque', '27-11-2015', '', 'Immediate ', '0', 0, '29/10/15', '30/10/15', '26-11-2015', 'R', '2', 4200, '961303', '06/05/15', '06/05/15', 'Shree Tirupati Builders & Developers'),
(137, 177, 'A0032', 'R', '1', 22472, 22472, 22472, 'Cheque', '25-11-2015', '', 'Immediate ', '18', 0, '0', '0', '', '', '', 0, '1747383', '0', '0', 'Shree Tirupati Builders & Developers'),
(138, 178, 'A0070', 'R', '2', 7600, 19000, 7600, 'Cheque', '01-12-2015', '', 'Immediate ', '0', 0, '24/11/15', '25/11/15', '27-11-2015', 'R', '1', 11400, '522400', '14/11/15', '18/11/15', 'Shree Tirupati Builders & Developers'),
(139, 179, 'A0071', 'R', '1', 45800, 45800, 45800, 'Cheque', '01-12-2015', '', 'Immediate ', '0', 0, '0', '0', '', '', '', 0, '1769855', '0', '0', 'Shree Tirupati Builders & Developers'),
(140, 181, 'A0068', 'R', '3', 13908, 48712, 13908, 'Cash', '04-12-2015', '', 'Immediate ', '0', 0, '21/11/15', '30/11/15', '27-11-2015', 'R', '2', 23930, '58127', '01/11/15', '20/11/15', 'Shree Tirupati Builders & Developers'),
(141, 182, 'A0007', 'R', '14', 29663, 318508, 29663, 'Cash', '04-12-2015', '', 'Immediate ', '0', 0, '16/11/15', '30/11/15', '25-11-2015', 'R', '13', 38876, '0', '01/11/15', '15/11/15', 'APACE REALTY'),
(142, 183, 'A0046', 'R', '8', 39502, 291393, 39502, 'Cheque', '09-12-2015', '', 'Immediate ', '0', 0, '01/11/15', '30/11/15', '27-11-2015', 'R', '7', 39330, '96917', '01/10/15', '31/10/15', 'Shree Tirupati Builders & Developers'),
(143, 185, 'A0072', 'R', '1', 604800, 604800, 604800, 'Cheque', '10-12-2015', '', 'Due on 24.08.15', '0', 0, '21/07/15', '21/07/15', '', '', '', 0, '0', '', '', 'APACE REALTY'),
(144, 186, 'A0073', 'R', '1', 306281, 306281, 306281, 'Cheque', '10-12-2015', '', 'Immediate ', '0', 0, '22/07/15', '25/07/15', '', '', '', 0, '604800', '', '', 'APACE REALTY'),
(145, 187, 'A0074', 'R', '1', 48600, 48600, 48600, 'Cheque', '10-12-2015', '', 'Immediate ', '0', 0, '25/12/14', '25/12/14', '', '', '', 0, '0', '', '', 'APACE REALTY'),
(146, 188, 'A0075', 'R', '1', 217457, 217457, 217457, 'Cheque', '10-12-2015', '', 'Immediate ', '0', 0, '15/01/15', '15/01/15', '', '', '', 0, '48600', '', '', 'APACE REALTY'),
(147, 189, 'A0075', 'R', '2', 212915, 430372, 212915, 'Cheque', '10-12-2015', '', 'Immediate ', '0', 0, '24/01/15', '30/01/15', '10-12-2015', 'R', '1', 217457, '48600', '15/01/15', '15/01/15', 'APACE REALTY'),
(148, 194, 'A0078', 'R', '1', 382973, 382973, 382973, 'Cheque', '15-12-2015', '', 'Immediate ', '0', 0, '03/11/15', '03/11/15', '', '', '', 0, '0', '', '', 'APACE REALTY'),
(149, 195, 'A0079', 'R', '1', 188372, 188372, 188372, 'Cheque', '15-12-2015', '', 'Immediate ', '0', 0, '0', '0', '', '', '', 0, '0', '0', '0', 'APACE REALTY'),
(150, 198, 'A0080', 'R', '1', 1066911, 1066911, 1066911, 'Cheque', '17-12-2015', '', 'Immediate', '0', 0, '0', '0', '', '', '', 0, '0', '0', '0', 'APACE REALTY'),
(151, 199, 'A0068', 'R', '4', 12041, 60753, 12041, 'Cash', '21-12-2015', '', 'Immediate ', '0', 0, '21/12/15', '21/12/15', '04-12-2015', 'R', '3', 13908, '58127', '21/11/15', '30/11/15', 'Shree Tirupati Builders & Developers'),
(152, 201, 'A0081', 'R', '1', 8820, 8820, 8820, 'Cheque', '21-12-2015', '', 'Immediate ', '0', 0, '0', '0', '', '', '', 0, '1156157', '0', '0', 'Shree Tirupati Builders & Developers'),
(153, 203, 'A0068', 'R', '4', 12041, 60753, 12041, 'Cash', '21-12-2015', '', 'Immediate ', '0', 0, '01/12/15', '17/12/15', '04-12-2015', 'R', '3', 13908, '58127', '21/11/15', '30/11/15', 'Shree Tirupati Builders & Developers'),
(154, 204, 'A0082', 'R', '1', 63973, 63973, 63973, 'Cheque', '22-12-2015', '', 'Immediate ', '0', 0, '0', '0', '', '', '', 0, '0', '0', '0', 'APACE REALTY'),
(155, 205, 'A0008', 'R', '9', 68414, 500375, 68414, 'Cheque', '24-12-2015', '', 'Immediate', '0', 0, '01/11/15', '30/11/15', '24-11-2015', 'R', '8', 63987, '21281', '01/10/15', '31/10/15', 'APACE REALTY'),
(156, 207, 'A0026', 'R', '4', 6870, 30810, 6870, 'Cheque', '30-12-2015', '', 'Immediate ', '0', 0, '30/12/15', '30/12/15', '24-11-2015', 'R', '3', 6840, '0', '01/10/15', '31/10/15', 'APACE REALTY'),
(157, 211, 'A0026', 'R', '4', 6870, 30810, 6870, 'Cheque', '30-12-2015', '', 'Immediate ', '19', 0, '01/11/15', '30/11/15', '24-11-2015', 'R', '3', 6840, '0', '01/10/15', '31/10/15', 'APACE REALTY'),
(158, 212, 'A0083', 'R', '1', 10046, 10046, 10046, 'Cheque', '06-01-2016', '', 'Immediate', '0', 0, '16/12/15', '31/12/15', '', '', '', 0, '0', '', '', 'APACE REALTY'),
(159, 213, 'A0068', 'R', '5', 13595, 74348, 13595, 'Cash', '06-01-2016', '', 'Immediate', '0', 0, '18/12/15', '31/12/15', '21-12-2015', 'R', '4', 12041, '58127', '01/12/15', '17/12/15', 'Shree Tirupati Builders & Developers'),
(160, 214, 'A0046', 'R', '9', 39502, 330895, 39502, 'Cheque', '06-01-2016', '', 'Immediate', '0', 0, '01/12/15', '31/12/15', '09-12-2015', 'R', '8', 39502, '96917', '01/11/15', '30/11/15', 'Shree Tirupati Builders & Developers'),
(161, 215, 'A0084', 'R', '1', 10282, 10282, 10282, 'Cheque', '08-01-2016', '', 'Immediate', '0', 0, '16/12/15', '31/12/15', '', '', '', 0, '521656', '', '', 'APACE REALTY'),
(162, 216, 'A0080', 'R', '1', 1131718, 1131718, 1071718, 'Cheque', '17-12-2015', '', 'Immediate', '20', 0, '0', '0', '', '', '', 0, '0', '0', '0', 'APACE REALTY'),
(163, 217, 'A0080', 'R', '1', 1131718, 1131718, 1071718, 'Cheque', '17-12-2015', '', 'Immediate', '21', 0, '0', '0', '', '', '', 0, '0', '0', '0', 'APACE REALTY'),
(164, 218, 'A0007', 'R', '15', 53454, 371962, 53454, 'Cash', '11-01-2016', '', 'Immediate ', '0', 0, '01/12/15', '15/12/15', '04-12-2015', 'R', '14', 29663, '0', '16/11/15', '30/11/15', 'APACE REALTY'),
(165, 219, 'A0007', 'R', '16', 39397, 411359, 39397, 'Cash', '11-01-2016', '', 'Immediate ', '0', 0, '16/12/15', '31/12/15', '11-01-2016', 'R', '15', 53454, '0', '01/12/15', '15/12/15', 'APACE REALTY'),
(166, 220, 'A0025', 'R', '2', 3600, 74516, 3600, 'Cheque', '13-01-2016', '', 'Immediate ', '0', 0, '04/12/15', '04/12/15', '24-11-2015', 'R', '1', 70916, '0', '24/07/15', '07/09/15', 'APACE REALTY'),
(167, 221, 'A0085', 'R', '1', 108745, 108745, 108745, 'Cheque', '14-01-2016', '', 'Immediate ', '0', 0, '0', '0', '', '', '', 0, '0', '0', '0', 'APACE REALTY'),
(168, 222, 'A0085', 'R', '1', 100146, 100146, 100146, 'Cheque', '14-01-2016', '', 'Immediate ', '22', 0, '0', '0', '', '', '', 0, '0', '0', '0', 'APACE REALTY'),
(169, 226, 'A0086', 'R', '1', 227281, 227281, 0, 'Cheque', '28-01-2016', '', 'Immediate ', '23', 0, '0', '0', '', '', '', 0, '0', '0', '0', 'APACE REALTY'),
(170, 227, 'A0086', 'R', '1', 227281, 227281, 227281, 'Cheque', '28-01-2016', '', 'Immediate ', '0', 0, '0', '0', '', '', '', 0, '0', '0', '0', 'APACE REALTY'),
(171, 228, 'A0087', 'R', '1', 368216, 368216, 368216, 'Cheque', '28-01-2016', '', 'Immediate ', '0', 0, '0', '0', '', '', '', 0, '0', '0', '0', 'APACE REALTY'),
(172, 229, 'A0087', 'R', '1', 368216, 368216, 368216, 'Cheque', '28-01-2016', '', 'Immediate ', '24', 0, '0', '0', '', '', '', 0, '0', '0', '0', 'APACE REALTY');

-- --------------------------------------------------------

--
-- Table structure for table `site`
--

CREATE TABLE IF NOT EXISTS `site` (
`site_id` int(50) NOT NULL,
  `site_name` varchar(50) NOT NULL DEFAULT '',
  `site_add` varchar(200) DEFAULT NULL,
  `site_engg` varchar(50) DEFAULT NULL,
  `site_contact` varchar(50) DEFAULT NULL,
  `paying_company` varchar(50) NOT NULL
) ENGINE=InnoDB AUTO_INCREMENT=39 DEFAULT CHARSET=latin1;

--
-- Dumping data for table `site`
--

INSERT INTO `site` (`site_id`, `site_name`, `site_add`, `site_engg`, `site_contact`, `paying_company`) VALUES
(21, 'Agnes Villa', '		            		            17th Church Road, Vile Parle (w), Mumbai-56		            ', 'Mr. Pankaj Patil', '8652220856', 'Options Developers & Builders'),
(9, 'AM-18', '		            		            Plot No-18, At Additional Industrial Area, Ananad nagar, MIDC, Ambernath (E), Dist.Thane		            		            ', 'Shivkumar Singh ', '8976009738', 'MGN Properties LLP'),
(23, 'AM-19', '		            Plot No. AM-19, At Additional Industrial Area, Ananad nagar, MIDC, Ambernath (E), Dist.Thane		            ', 'Shivkumar Singh ', '8976009738', 'MGN Properties LLP'),
(29, 'AM-19 Club House', '		            Plot No. AM-19, At Additional Industrial Area, Ananad nagar, MIDC, Ambernath (E), Dist.Thane		            ', 'Shivkumar Singh ', '8976009738', 'MGN Properties LLP'),
(24, 'AM-20 A & C wing ', '		            		            Plot No. AM-20,At Additional Industrial Area, Ananad nagar, MIDC, Ambernath (E), Dist.Thane		            		            ', 'Shivkumar Singh ', '8976009738', 'MGN Properties LLP'),
(10, 'AM-20 B Wing', '		            		            Plot No. AM-20, At Additional Industrial Area, Ananad nagar, MIDC, Ambernath (E), Dist.Thane		            		            ', 'Shivkumar Singh ', '8976009738', 'MGN Properties LLP'),
(28, 'AM-20 Infra ', '		            Plot No. AM-20, At Additional Industrial Area, Ananad nagar, MIDC, Ambernath (E), Dist.Thane  		            ', 'Shivkumar Singh ', '8976009738', 'MGN Properties LLP'),
(3, 'Arvind Colony Irla (office)', '		            		            		            Lakshdeep Estate & Hotels PVT, Next to Sony Mony Show room, SV Road, Vile Parle (West), Mumbai 400056 		            		            		            ', 'Mr.Hemant Godse', '8976009732', 'Options Developers & Builders'),
(8, 'Arvind colony-irla', '		            		            		            		            		            		            Lakshdeep Estates & Hotels PVT.Ltd., Next To sony Mony Show Room, SV Road, Vile Parle (west) Mumbai 400056 		       ', 'kaushik modi', '7045349085', 'Lakshdeep Estates & Hotels (p) Ltd.'),
(6, 'Atharva', '		            		            Atharva, Service Road, Near Kirti Marble, Vile Parle (E), Mumbai	            		            ', 'Shivkumar Singh ', '8976009738', 'Options Developers & Builders'),
(5, 'Blue Gardina', '		            		            Blue Gardina, CTS.266, F.P.NO.61, 5th Road, Santacruz (East), mumbai-55		            		            ', 'Shivkumar Singh ', '8976009738', 'Options Developers & Builders'),
(31, 'Blue Gardina- Flat No. 801', '		            Blue Gardina Plot No. 61, 5th Floor, Santacruz-East Mumbai-400055		            ', 'Mr. SHIVKUMAR SINGH', '8976009738', 'Options Developers & Builders'),
(34, 'Crest ', '		            Dadar (West)		            ', 'Rashish Muni', '7506719228', 'SAHAJ DEVELOPERS'),
(33, 'Dattey Bhavan ', '		            Plot No. 167-B, C.S. No. 144B/10, dadar Matunga Estate, Dr. B.A. Road, Dadar(East), Mumbai-400014		            ', 'Kamlesh Changlani', '7045373396', 'Shree Tirupati Builders & Developers'),
(30, 'Elysium', '		            Ambernath (E)		            ', 'Umesh Gowda', '7045790211', 'APACE REALTY'),
(36, 'Elysium (A&B wing)', 'Ambernath (E)', 'Umesh Gowda', '7045790211', 'APACE REALTY'),
(37, 'Elysium (C&D wing)', 'Ambernath (E)', 'Umesh Gowda', '7045790211', 'APACE REALTY'),
(38, 'Elysium (Infra)', 'Ambernath (E)', 'Umesh Gowda', '7045790211', 'APACE REALTY'),
(11, 'K-1 E (Rep)', '		            		            		            Plot No. K-1, At Additional Industrial Area, Ananad nagar, MIDC, Ambernath (E), Dist.Thane	            		            ', 'Shivkumar Singh ', '8976009738', 'MGN Properties LLP'),
(15, 'K-1 F (Rep)', '		            		            Plot No. K-1, At Additional Industrial Area, Ananad nagar, MIDC, Ambernath (E), Dist.Thane	            		            ', 'Shivkumar Singh ', '8976009738', 'MGN Properties LLP'),
(18, 'K-1 Infra MIDC', '		            		            Plot No. K-1,At Additional Industrial Area, Ananad nagar, MIDC, Ambernath (E), Dist.Thane	            		            ', 'Shivkumar Singh ', '8976009738', 'MGN Properties LLP'),
(25, 'K-1 New Wing (FSI)', '		            Plot N0. K-1,At Additional Industrial Area, Ananad nagar, MIDC, Ambernath (E), Dist.Thane		            ', 'Shivkumar Singh ', '8976009738', 'MGN Properties LLP'),
(13, 'K-2 C (Rep)', '		            		            		            Plot No. K-2, At Additional Industrial Area, Ananad nagar, MIDC, Ambernath (E), Dist.Thane	            		            ', 'Shivkumar Singh ', '8976009738', 'MGN Properties LLP'),
(16, 'K-2 D (Rep)', '		            		            Plot No. K-2, At Additional Industrial Area, Ananad nagar, MIDC, Ambernath (E), Dist.Thane		            ', 'Shivkumar Singh ', '8976009738', 'MGN Properties LLP'),
(19, 'K-2 Infra MIDC', '		            		            		            Plot No. K-2, At Additional Industrial Area, Ananad nagar, MIDC, Ambernath (E), Dist.Thane		            		            ', 'Shivkumar Singh ', '8976009738', 'MGN Properties LLP'),
(26, 'K-2 New Wing (FSI) ', '		            Plot K-2, At Additional Industrial Area, Ananad nagar, MIDC, Ambernath (E), Dist.Thane		            ', 'Shivkumar Singh ', '8976009738', 'MGN Properties LLP'),
(14, 'K-3 A (Rep)', '		            		            Plot No. K-3, At Additional Industrial Area, Ananad nagar, MIDC, Ambernath (E), Dist.Thane	            		            ', 'Shivkumar Singh ', '8976009738', 'MGN Properties LLP'),
(17, 'K-3 B (Rep)', '		            		            Plot No. K-3, At Additional Industrial Area, Ananad nagar, MIDC, Ambernath (E), Dist.Thane		            ', 'Shivkumar Singh ', '8976009738', 'MGN Properties LLP'),
(20, 'K-3 Infra MIDC', '		            		            		            Plot No. K-3,At Additional Industrial Area, Ananad nagar, MIDC, Ambernath (E), Dist.Thane		            		            ', 'Shivkumar Singh ', '8976009738', 'MGN Properties LLP'),
(27, 'K-3 New Wing (FSI)', '		            Plot No. K-3, At Additional Industrial Area, Ananad nagar, MIDC, Ambernath (E), Dist.Thane		            ', 'Shivkumar Singh ', '8976009738', 'MGN Properties LLP'),
(22, 'kanta House', '		            Plot Bearing C.T.S. No. G/3013 of Village Bandra (W), F.P. No 3/1, T.P.S, Tagore Road, Santacruz (w), Mumbai		            ', 'Shivkumar Singh ', '8976009738', 'Options Developers & Builders'),
(1, 'Milan Subway', '		            		            Near Milan Subway, Santacruz west		            		            ', 'Shivkumar Singh ', '8976009738', 'Options Developers & Builders'),
(4, 'Nandadevi ', '		            		            		            		            Nanadadevi, Road No.8, Prabhat colony, Near Bhoomi Towers, Santacruz, (E), Mumbai	            		            		            		            ', 'Mr. SHIVKUMAR SINGH', '8976009738', 'Options Developers & Builders'),
(2, 'Options Primo', '		            		            OPTIONS PRIMO, ROAD NO.21. VIJAY NAGAR BRIDAR, NEXT TO PATANI COMPUTER, MIDC ANDHERI (E)		            		            ', 'Mr.Hemant Godse', '8976009732', 'Krushmi Developers Pvt. Ltd'),
(32, 'Samsung', 'Patel Realty (India) Ltd, patel Estate Road, Jogeshwari (West), Mumbai-4001.2', 'Mr. Kuashik modi', '7045349085', 'Premiers Life Style Homes LLP'),
(7, 'Yogniti Co. Op. Hsg.Ltd', '		            		            Next To Vijay Sales, S V Road, SAntacruz (W) Mumbai		        		            ', 'Shivkumar Singh ', '8976009738', 'Options Developers & Builders');

-- --------------------------------------------------------

--
-- Table structure for table `stream`
--

CREATE TABLE IF NOT EXISTS `stream` (
  `stream_name` varchar(50) NOT NULL
) ENGINE=InnoDB DEFAULT CHARSET=latin1 COMMENT='DONT FLUSH THIS TABLE';

--
-- Dumping data for table `stream`
--

INSERT INTO `stream` (`stream_name`) VALUES
('advanced'),
('interim'),
('running');

-- --------------------------------------------------------

--
-- Table structure for table `supplier`
--

CREATE TABLE IF NOT EXISTS `supplier` (
`sup_id` int(50) NOT NULL,
  `sup_name` varchar(50) NOT NULL,
  `sup_add` varchar(50) DEFAULT NULL,
  `sup_off_id` varchar(50) NOT NULL,
  `sup_off1` varchar(50) NOT NULL,
  `sup_off2` varchar(50) NOT NULL,
  `sup_off3` varchar(50) NOT NULL,
  `sup_fax1` varchar(50) NOT NULL,
  `sup_fax2` varchar(50) NOT NULL,
  `sup_mobileno` varchar(50) NOT NULL,
  `sup_contact` varchar(50) NOT NULL,
  `sup_email` varchar(50) DEFAULT NULL,
  `sup_tinvat` varchar(50) NOT NULL,
  `sup_pan` varchar(50) NOT NULL,
  `sup_servicetin` varchar(50) NOT NULL,
  `sup_bst` varchar(50) NOT NULL
) ENGINE=InnoDB AUTO_INCREMENT=24 DEFAULT CHARSET=latin1;

--
-- Dumping data for table `supplier`
--

INSERT INTO `supplier` (`sup_id`, `sup_name`, `sup_add`, `sup_off_id`, `sup_off1`, `sup_off2`, `sup_off3`, `sup_fax1`, `sup_fax2`, `sup_mobileno`, `sup_contact`, `sup_email`, `sup_tinvat`, `sup_pan`, `sup_servicetin`, `sup_bst`) VALUES
(1, 'Ambuja Cement Pvt. Ltd.', 'Kurla Mumbai-59', '', '26848531', '', '', '', '', '', '', '', '', '', '', ''),
(2, 'Ultratech Cement Ltd', 'Mumbai-93', '', '', '', '', '', '', '', '', '', '', '', '', ''),
(3, 'The India Cements Ltd.', 'Mumbai-80', '', '', '', '', '', '', '9820828881', '', '', '', '', '', ''),
(4, 'Azad Electric & Hardware Stores', 'Mumbai-56', '', '', '', '', '', '', '', '', '', '', '', '', ''),
(5, 'Ashtech (INDIA) Pvt. Ltd.', 'Mumbai-002', '', '', '', '', '', '', '', '', '', '', '', '', ''),
(6, 'We Are One Enterprises Pvt Ltd.', 'Mumbai', '', '', '', '', '', '', '', '', '', '', '', '', ''),
(7, 'Saraswati Markrting', 'Mumbai-86', '', '', '', '', '', '', '', '', '', '', '', '', ''),
(8, 'Shree Laxmi saw Mill', 'Mumbai', '', '', '', '', '', '', '', '', '', '', '', '', ''),
(9, 'Sejpal & Others', 'Mumbai', '', '', '', '', '', '', '', '', '', '', '', '', ''),
(10, 'Shreeji Hardware & Electricals', 'Mumbai', '', '', '', '', '', '', '', '', '', '', '', '', ''),
(11, 'ZAM ZAM TRADERS', '', '', '', '', '', '', '', '', '', '', '', '', '', ''),
(12, 'Shree Yamuna Traders', 'Mumbai', '', '', '', '', '', '', '', '', '', '', '', '', ''),
(13, 'Real Ceramics', 'Mumbai', '', '', '', '', '', '', '', '', '', '', '', '', ''),
(14, 'Rainbow Enterprises ', 'Mumbai', '', '', '', '', '', '', '', '', '', '', '', '', ''),
(15, 'Darshan Marketing', 'Mumbai', '', '', '', '', '', '', '', '', '', '', '', '', ''),
(16, 'RMC India Pvt. Ltd.', 'Mumbai', '', '', '', '', '', '', '', '', '', '', '', '', ''),
(17, 'CREATIVE ENTERPRISES', 'Mumbai', '', '', '', '', '', '', '', '', '', '', '', '', ''),
(18, 'Skyway RMC Plants Pvt. Ltd.', 'Mumbai', '', '', '', '', '', '', '', '', '', '', '', '', ''),
(19, 'Mohit Tube ', 'Mumbai', '', '', '', '', '', '', '', '', '', '', '', '', ''),
(20, 'Patel Trading Company', 'Mumbai', '', '', '', '', '', '', '', '', '', '', '', '', ''),
(21, 'Maharana Electric & Hardware', 'Mumbai', '', '', '', '', '', '', '', '', '', '', '', '', ''),
(22, 'Kanan Corporation', 'Mumbai', '', '', '', '', '', '', '', '', '', '', '', '', ''),
(23, 'Chunilal Nagardas & Company', 'Mumbai', '', '', '', '', '', '', '', '', '', '', '', '', '');

-- --------------------------------------------------------

--
-- Table structure for table `taxcode`
--

CREATE TABLE IF NOT EXISTS `taxcode` (
`tc_id` int(50) NOT NULL,
  `taxcode_name` varchar(50) NOT NULL,
  `taxcode_rate` varchar(50) NOT NULL
) ENGINE=InnoDB AUTO_INCREMENT=7 DEFAULT CHARSET=latin1;

--
-- Dumping data for table `taxcode`
--

INSERT INTO `taxcode` (`tc_id`, `taxcode_name`, `taxcode_rate`) VALUES
(1, 'VAT5', '5'),
(2, 'Service Tax 14', '14'),
(3, 'Service Tax 12.5', '12.5'),
(4, 'Excise Duty 2', '2'),
(5, 'Octri 7', '7'),
(6, 'Excise Duty 12.5', '12.5');

-- --------------------------------------------------------

--
-- Table structure for table `user_credentials`
--

CREATE TABLE IF NOT EXISTS `user_credentials` (
`id` int(3) NOT NULL,
  `userid` varchar(100) NOT NULL,
  `password` varchar(15) NOT NULL,
  `role_name` varchar(25) NOT NULL
) ENGINE=InnoDB AUTO_INCREMENT=7 DEFAULT CHARSET=latin1;

--
-- Dumping data for table `user_credentials`
--

INSERT INTO `user_credentials` (`id`, `userid`, `password`, `role_name`) VALUES
(1, 'nikita@1993', 'niki@1993', 'Engineering'),
(2, 'xyz', 'xyz', 'Purchase'),
(5, 'priyanka_oak@yahoo.com', 'priya123', 'Engineering'),
(6, 'admin', 'options@789', 'admin');

-- --------------------------------------------------------

--
-- Table structure for table `waive_off_debit`
--

CREATE TABLE IF NOT EXISTS `waive_off_debit` (
`waive_off_id` int(50) NOT NULL,
  `record_id` varchar(50) NOT NULL,
  `waive_off_amt` bigint(50) NOT NULL,
  `prev_total_debit_amt` bigint(50) NOT NULL,
  `total_debit_amt_now` bigint(50) NOT NULL,
  `date` varchar(50) NOT NULL,
  `remarks` varchar(50) NOT NULL
) ENGINE=InnoDB DEFAULT CHARSET=latin1;

-- --------------------------------------------------------

--
-- Table structure for table `workcode`
--

CREATE TABLE IF NOT EXISTS `workcode` (
`wc_id` int(50) NOT NULL,
  `work` varchar(50) DEFAULT NULL,
  `engineering_group` varchar(50) DEFAULT NULL
) ENGINE=InnoDB AUTO_INCREMENT=78 DEFAULT CHARSET=latin1;

--
-- Dumping data for table `workcode`
--

INSERT INTO `workcode` (`wc_id`, `work`, `engineering_group`) VALUES
(3, 'Fabrication work', 'Grills & Fabrication'),
(4, 'Supply & Installation of Lifts', 'Lift'),
(5, 'Site Expenses', 'Miscellaneous'),
(6, 'Painting', 'Painting'),
(7, 'Tranportation of Debris & Rabit', 'Civil & Waterproofing'),
(8, 'Security Services for Society', 'Miscellaneous'),
(9, 'Surveying', 'Miscellaneous'),
(10, 'Mechanical Car Parking System', 'Equipement & Tools & Machinery'),
(11, 'Borewell Drilling', 'Miscellaneous'),
(12, 'Labour for Tilling/Flooring/Marble Polishing Work', 'Tiling & Stone work'),
(13, 'Labour for Carpentry work', 'Carpentry & Furniture work'),
(14, 'Soil Investigation', 'Civil & Waterproofing'),
(15, 'maintenance of Equipements', 'Equipement & Tools & Machinery'),
(16, 'Water Supply in Tanker', 'Miscellaneous'),
(17, 'Miscellaneous Works', 'Miscellaneous'),
(18, 'Labour of Electrical Works', 'Electrical'),
(19, 'Main Civil', 'Civil & Waterproofing'),
(20, 'Advertisement', 'Miscellaneous'),
(21, 'Drilling, Core Cutting & Rebar Work', 'Civil & Waterproofing'),
(22, 'Fees for Consultancy / Professional Charges', 'Miscellaneous'),
(23, 'Temporary Fencing', 'Grills & Fabrication'),
(24, 'Building Material', 'Civil & Waterproofing'),
(25, 'RMC', 'Civil & Waterproofing'),
(26, 'Aluminium Windows Work', 'Aluminium Windows & glazing work'),
(27, 'Liaisoning Charges', 'Miscellaneous'),
(28, 'Hire Charges (Machinery & Equipements)', 'Equipement & Tools & Machinery'),
(29, 'Piling Work (Labour)', 'Civil & Waterproofing'),
(30, 'Installation of CCTV / Video Door Phone', 'Equipement & Tools & Machinery'),
(31, 'HVAC Work', 'HVAC'),
(32, 'Pest Treatment', 'Miscellaneous'),
(33, 'Electrical Panel / Accesories', 'Electrical'),
(34, 'Lift Inspection Charges', 'Lift'),
(35, 'Pump, Starter & Accesories', 'Plumbing - pumps'),
(36, 'Labour for Fabrication work', 'Grills & Fabrication'),
(38, 'Equipements & Tools', 'Equipement & Tools & Machinery'),
(39, 'Plantation work', 'Landscape & Gardening & Road Work'),
(40, 'Cement', 'Civil & Waterproofing'),
(41, 'Steel', 'Civil & Waterproofing'),
(42, 'Prestressing / Rock Anchors Work', 'Civil & Waterproofing'),
(43, 'Plumbing Work', 'Plumbing - pumps'),
(44, 'Aluminium Windows Material', 'Aluminium Windows & glazing work'),
(45, 'Waterproofing Material', 'Civil & Waterproofing'),
(46, 'POP / Gypsum', 'POP & Gypsum'),
(47, 'Property Tax Charges', 'Miscellaneous'),
(48, 'Security Services ', 'Miscellaneous'),
(50, 'Advance for site expenses', 'Miscellaneous'),
(51, 'Departmental Labour Works', 'Miscellaneous'),
(52, 'Printing Stationary', 'Miscellaneous'),
(53, 'Temporary Electrical Connection Charges', 'Electrical'),
(55, 'Temporary Electrical Works', 'Electrical'),
(57, 'Erection of Hoarding', 'Miscellaneous'),
(58, 'Excavation work', 'Civil & Waterproofing'),
(59, 'Consultancy Fees for Structural Design', 'Miscellaneous'),
(60, 'Back Lit signage', 'Miscellaneous'),
(61, 'Manpower recruitment', 'Miscellaneous'),
(62, 'Main Labour', 'Civil & Waterproofing'),
(63, 'Labour for plumbing work ', 'Plumbing - pumps'),
(64, 'Office Equipments', 'Equipement & Tools & Machinery'),
(66, 'Drainage Work', 'Plumbing - pumps'),
(67, 'Electrical Works', 'Electrical'),
(68, 'Charges for Water Connection', 'Plumbing - pumps'),
(69, 'Supply of Roling Shutter', 'Grills & Fabrication'),
(70, 'Fabrication & Erection of Grills & Railing ', 'Grills & Fabrication'),
(71, 'Labour for Waterproofing Work', 'Civil & Waterproofing'),
(72, 'Labour for Aluminium Windows', 'Aluminium Windows & glazing work'),
(73, 'Wood/ Plywood/ Material', 'Carpentry & Furniture work'),
(74, 'Shuttering Material', 'Civil & Waterproofing'),
(75, 'Airconditioning Equipment', 'HVAC'),
(76, 'Housekeeping Work', 'Miscellaneous'),
(77, 'Fabrication & Erection of Canopy / Roof Structure', 'Grills & Fabrication');

-- --------------------------------------------------------

--
-- Table structure for table `_number_range`
--

CREATE TABLE IF NOT EXISTS `_number_range` (
`number_range_id` int(50) NOT NULL,
  `prefix` varchar(50) NOT NULL,
  `number_from` int(50) NOT NULL DEFAULT '1',
  `number_to` int(50) NOT NULL DEFAULT '9999',
  `completed` int(50) NOT NULL DEFAULT '0'
) ENGINE=InnoDB AUTO_INCREMENT=4 DEFAULT CHARSET=latin1;

--
-- Dumping data for table `_number_range`
--

INSERT INTO `_number_range` (`number_range_id`, `prefix`, `number_from`, `number_to`, `completed`) VALUES
(1, 'A', 1, 9999, 0),
(2, 'B', 1, 9999, 1),
(3, 'C', 1, 9999, 1);

--
-- Indexes for dumped tables
--

--
-- Indexes for table `advance_details`
--
ALTER TABLE `advance_details`
 ADD PRIMARY KEY (`adv_det_id`), ADD UNIQUE KEY `run_id` (`run_id`);

--
-- Indexes for table `bill_details`
--
ALTER TABLE `bill_details`
 ADD PRIMARY KEY (`bill_id`);

--
-- Indexes for table `brand_material`
--
ALTER TABLE `brand_material`
 ADD PRIMARY KEY (`bm_id`), ADD UNIQUE KEY `bm_name` (`bm_name`);

--
-- Indexes for table `certificate`
--
ALTER TABLE `certificate`
 ADD PRIMARY KEY (`cert_no`);

--
-- Indexes for table `certificate_final_run`
--
ALTER TABLE `certificate_final_run`
 ADD PRIMARY KEY (`cert_final_run_id`);

--
-- Indexes for table `contractor`
--
ALTER TABLE `contractor`
 ADD PRIMARY KEY (`con_id`), ADD UNIQUE KEY `con_name` (`con_name`);

--
-- Indexes for table `debit_note_details`
--
ALTER TABLE `debit_note_details`
 ADD PRIMARY KEY (`debit_note_id`);

--
-- Indexes for table `designation`
--
ALTER TABLE `designation`
 ADD PRIMARY KEY (`des_id`), ADD UNIQUE KEY `des_name` (`des_name`);

--
-- Indexes for table `engineering_group`
--
ALTER TABLE `engineering_group`
 ADD PRIMARY KEY (`id`), ADD UNIQUE KEY `engineering_group` (`engineering_group`);

--
-- Indexes for table `interim_details`
--
ALTER TABLE `interim_details`
 ADD PRIMARY KEY (`int_det_id`);

--
-- Indexes for table `material`
--
ALTER TABLE `material`
 ADD PRIMARY KEY (`mat_id`), ADD UNIQUE KEY `mat_name` (`mat_name`);

--
-- Indexes for table `material_group`
--
ALTER TABLE `material_group`
 ADD PRIMARY KEY (`material_group_id`), ADD UNIQUE KEY `material_group` (`material_group`);

--
-- Indexes for table `measure_unit`
--
ALTER TABLE `measure_unit`
 ADD PRIMARY KEY (`mu_id`), ADD UNIQUE KEY `mesunit_name` (`mesunit_name`);

--
-- Indexes for table `payingcompany`
--
ALTER TABLE `payingcompany`
 ADD PRIMARY KEY (`company_id`), ADD UNIQUE KEY `company_name` (`company_name`);

--
-- Indexes for table `purchase_advance`
--
ALTER TABLE `purchase_advance`
 ADD PRIMARY KEY (`adv_id`);

--
-- Indexes for table `purchase_bill_details`
--
ALTER TABLE `purchase_bill_details`
 ADD PRIMARY KEY (`bill_id`), ADD KEY `bill_id` (`bill_id`);

--
-- Indexes for table `purchase_certificate`
--
ALTER TABLE `purchase_certificate`
 ADD PRIMARY KEY (`cert_no`);

--
-- Indexes for table `purchase_certificate_final_run`
--
ALTER TABLE `purchase_certificate_final_run`
 ADD PRIMARY KEY (`cert_final_run_id`);

--
-- Indexes for table `purchase_final_run`
--
ALTER TABLE `purchase_final_run`
 ADD PRIMARY KEY (`purchase_final_run_id`);

--
-- Indexes for table `purchase_retention`
--
ALTER TABLE `purchase_retention`
 ADD PRIMARY KEY (`retention_id`), ADD KEY `run_id` (`site`), ADD KEY `run_id_2` (`site`), ADD KEY `run_id_3` (`site`), ADD KEY `run_id_4` (`site`);

--
-- Indexes for table `purchase_run`
--
ALTER TABLE `purchase_run`
 ADD PRIMARY KEY (`run_id`);

--
-- Indexes for table `purchase_running`
--
ALTER TABLE `purchase_running`
 ADD PRIMARY KEY (`purchase_run_id`);

--
-- Indexes for table `record_final_run`
--
ALTER TABLE `record_final_run`
 ADD PRIMARY KEY (`record_final_run_id`);

--
-- Indexes for table `record_id`
--
ALTER TABLE `record_id`
 ADD PRIMARY KEY (`site_name`,`con_name`,`engineering_group`,`work`), ADD UNIQUE KEY `record_id` (`record_id`), ADD UNIQUE KEY `record_id_id` (`record_id_id`), ADD KEY `site_name` (`site_name`);

--
-- Indexes for table `release_of_retention_details`
--
ALTER TABLE `release_of_retention_details`
 ADD PRIMARY KEY (`ror_id`);

--
-- Indexes for table `release_record_final_run`
--
ALTER TABLE `release_record_final_run`
 ADD PRIMARY KEY (`release_record_final_run_id`);

--
-- Indexes for table `retention`
--
ALTER TABLE `retention`
 ADD PRIMARY KEY (`retention_id`);

--
-- Indexes for table `run`
--
ALTER TABLE `run`
 ADD PRIMARY KEY (`run_id`);

--
-- Indexes for table `running_details`
--
ALTER TABLE `running_details`
 ADD PRIMARY KEY (`run_det_id`);

--
-- Indexes for table `site`
--
ALTER TABLE `site`
 ADD PRIMARY KEY (`site_name`), ADD UNIQUE KEY `site_id` (`site_id`), ADD UNIQUE KEY `site_name` (`site_name`), ADD KEY `paying_company` (`paying_company`);

--
-- Indexes for table `supplier`
--
ALTER TABLE `supplier`
 ADD PRIMARY KEY (`sup_id`), ADD UNIQUE KEY `sup_name` (`sup_name`);

--
-- Indexes for table `taxcode`
--
ALTER TABLE `taxcode`
 ADD PRIMARY KEY (`tc_id`), ADD UNIQUE KEY `taxcode_name` (`taxcode_name`);

--
-- Indexes for table `user_credentials`
--
ALTER TABLE `user_credentials`
 ADD PRIMARY KEY (`id`);

--
-- Indexes for table `waive_off_debit`
--
ALTER TABLE `waive_off_debit`
 ADD PRIMARY KEY (`waive_off_id`);

--
-- Indexes for table `workcode`
--
ALTER TABLE `workcode`
 ADD PRIMARY KEY (`wc_id`), ADD UNIQUE KEY `work_code` (`work`), ADD UNIQUE KEY `work_code_2` (`work`);

--
-- Indexes for table `_number_range`
--
ALTER TABLE `_number_range`
 ADD PRIMARY KEY (`number_range_id`);

--
-- AUTO_INCREMENT for dumped tables
--

--
-- AUTO_INCREMENT for table `advance_details`
--
ALTER TABLE `advance_details`
MODIFY `adv_det_id` int(11) NOT NULL AUTO_INCREMENT,AUTO_INCREMENT=8;
--
-- AUTO_INCREMENT for table `bill_details`
--
ALTER TABLE `bill_details`
MODIFY `bill_id` int(11) NOT NULL AUTO_INCREMENT,AUTO_INCREMENT=229;
--
-- AUTO_INCREMENT for table `brand_material`
--
ALTER TABLE `brand_material`
MODIFY `bm_id` int(11) NOT NULL AUTO_INCREMENT;
--
-- AUTO_INCREMENT for table `certificate_final_run`
--
ALTER TABLE `certificate_final_run`
MODIFY `cert_final_run_id` int(50) NOT NULL AUTO_INCREMENT,AUTO_INCREMENT=209;
--
-- AUTO_INCREMENT for table `contractor`
--
ALTER TABLE `contractor`
MODIFY `con_id` int(11) NOT NULL AUTO_INCREMENT,AUTO_INCREMENT=180;
--
-- AUTO_INCREMENT for table `debit_note_details`
--
ALTER TABLE `debit_note_details`
MODIFY `debit_note_id` int(50) NOT NULL AUTO_INCREMENT,AUTO_INCREMENT=5;
--
-- AUTO_INCREMENT for table `designation`
--
ALTER TABLE `designation`
MODIFY `des_id` int(11) NOT NULL AUTO_INCREMENT,AUTO_INCREMENT=3;
--
-- AUTO_INCREMENT for table `engineering_group`
--
ALTER TABLE `engineering_group`
MODIFY `id` int(11) NOT NULL AUTO_INCREMENT,AUTO_INCREMENT=19;
--
-- AUTO_INCREMENT for table `interim_details`
--
ALTER TABLE `interim_details`
MODIFY `int_det_id` int(11) NOT NULL AUTO_INCREMENT,AUTO_INCREMENT=50;
--
-- AUTO_INCREMENT for table `material`
--
ALTER TABLE `material`
MODIFY `mat_id` int(11) NOT NULL AUTO_INCREMENT,AUTO_INCREMENT=44;
--
-- AUTO_INCREMENT for table `material_group`
--
ALTER TABLE `material_group`
MODIFY `material_group_id` int(11) NOT NULL AUTO_INCREMENT,AUTO_INCREMENT=60;
--
-- AUTO_INCREMENT for table `measure_unit`
--
ALTER TABLE `measure_unit`
MODIFY `mu_id` int(50) NOT NULL AUTO_INCREMENT,AUTO_INCREMENT=9;
--
-- AUTO_INCREMENT for table `payingcompany`
--
ALTER TABLE `payingcompany`
MODIFY `company_id` int(50) NOT NULL AUTO_INCREMENT,AUTO_INCREMENT=15;
--
-- AUTO_INCREMENT for table `purchase_advance`
--
ALTER TABLE `purchase_advance`
MODIFY `adv_id` int(50) NOT NULL AUTO_INCREMENT;
--
-- AUTO_INCREMENT for table `purchase_bill_details`
--
ALTER TABLE `purchase_bill_details`
MODIFY `bill_id` int(11) NOT NULL AUTO_INCREMENT,AUTO_INCREMENT=20;
--
-- AUTO_INCREMENT for table `purchase_certificate_final_run`
--
ALTER TABLE `purchase_certificate_final_run`
MODIFY `cert_final_run_id` int(50) NOT NULL AUTO_INCREMENT,AUTO_INCREMENT=11;
--
-- AUTO_INCREMENT for table `purchase_final_run`
--
ALTER TABLE `purchase_final_run`
MODIFY `purchase_final_run_id` int(50) NOT NULL AUTO_INCREMENT,AUTO_INCREMENT=3;
--
-- AUTO_INCREMENT for table `purchase_retention`
--
ALTER TABLE `purchase_retention`
MODIFY `retention_id` int(50) NOT NULL AUTO_INCREMENT,AUTO_INCREMENT=21;
--
-- AUTO_INCREMENT for table `purchase_run`
--
ALTER TABLE `purchase_run`
MODIFY `run_id` int(50) NOT NULL AUTO_INCREMENT,AUTO_INCREMENT=21;
--
-- AUTO_INCREMENT for table `purchase_running`
--
ALTER TABLE `purchase_running`
MODIFY `purchase_run_id` int(50) NOT NULL AUTO_INCREMENT,AUTO_INCREMENT=21;
--
-- AUTO_INCREMENT for table `record_final_run`
--
ALTER TABLE `record_final_run`
MODIFY `record_final_run_id` int(50) NOT NULL AUTO_INCREMENT,AUTO_INCREMENT=88;
--
-- AUTO_INCREMENT for table `record_id`
--
ALTER TABLE `record_id`
MODIFY `record_id_id` int(11) NOT NULL AUTO_INCREMENT,AUTO_INCREMENT=93;
--
-- AUTO_INCREMENT for table `release_of_retention_details`
--
ALTER TABLE `release_of_retention_details`
MODIFY `ror_id` int(50) NOT NULL AUTO_INCREMENT,AUTO_INCREMENT=4;
--
-- AUTO_INCREMENT for table `release_record_final_run`
--
ALTER TABLE `release_record_final_run`
MODIFY `release_record_final_run_id` int(50) NOT NULL AUTO_INCREMENT,AUTO_INCREMENT=4;
--
-- AUTO_INCREMENT for table `retention`
--
ALTER TABLE `retention`
MODIFY `retention_id` int(50) NOT NULL AUTO_INCREMENT,AUTO_INCREMENT=25;
--
-- AUTO_INCREMENT for table `run`
--
ALTER TABLE `run`
MODIFY `run_id` int(50) NOT NULL AUTO_INCREMENT,AUTO_INCREMENT=232;
--
-- AUTO_INCREMENT for table `running_details`
--
ALTER TABLE `running_details`
MODIFY `run_det_id` int(50) NOT NULL AUTO_INCREMENT,AUTO_INCREMENT=173;
--
-- AUTO_INCREMENT for table `site`
--
ALTER TABLE `site`
MODIFY `site_id` int(50) NOT NULL AUTO_INCREMENT,AUTO_INCREMENT=39;
--
-- AUTO_INCREMENT for table `supplier`
--
ALTER TABLE `supplier`
MODIFY `sup_id` int(50) NOT NULL AUTO_INCREMENT,AUTO_INCREMENT=24;
--
-- AUTO_INCREMENT for table `taxcode`
--
ALTER TABLE `taxcode`
MODIFY `tc_id` int(50) NOT NULL AUTO_INCREMENT,AUTO_INCREMENT=7;
--
-- AUTO_INCREMENT for table `user_credentials`
--
ALTER TABLE `user_credentials`
MODIFY `id` int(3) NOT NULL AUTO_INCREMENT,AUTO_INCREMENT=7;
--
-- AUTO_INCREMENT for table `waive_off_debit`
--
ALTER TABLE `waive_off_debit`
MODIFY `waive_off_id` int(50) NOT NULL AUTO_INCREMENT;
--
-- AUTO_INCREMENT for table `workcode`
--
ALTER TABLE `workcode`
MODIFY `wc_id` int(50) NOT NULL AUTO_INCREMENT,AUTO_INCREMENT=78;
--
-- AUTO_INCREMENT for table `_number_range`
--
ALTER TABLE `_number_range`
MODIFY `number_range_id` int(50) NOT NULL AUTO_INCREMENT,AUTO_INCREMENT=4;
--
-- Constraints for dumped tables
--

--
-- Constraints for table `site`
--
ALTER TABLE `site`
ADD CONSTRAINT `site_ibfk_1` FOREIGN KEY (`paying_company`) REFERENCES `payingcompany` (`company_name`) ON DELETE NO ACTION ON UPDATE NO ACTION;

/*!40101 SET CHARACTER_SET_CLIENT=@OLD_CHARACTER_SET_CLIENT */;
/*!40101 SET CHARACTER_SET_RESULTS=@OLD_CHARACTER_SET_RESULTS */;
/*!40101 SET COLLATION_CONNECTION=@OLD_COLLATION_CONNECTION */;
